latitude,longitude,Attacktype,Deaths,nkill
12.852693,44.894836,Bombing/Explosion,2,4
12.852693,44.894836,Bombing/Explosion,1,4
-1.28518,36.821107,Bombing/Explosion,224,224
-6.813546,39.239418,Bombing/Explosion,11,11
12.825647,44.846416,Bombing/Explosion,0,4
12.825647,44.846416,Bombing/Explosion,19,19
40.697132,-73.931351,Hijacking,1385,1385
40.697132,-73.931351,Hijacking,1385,1385
38.878742,-77.100006,Hijacking,190,190
40.018464,-78.907197,Hijacking,44,44
48.856644,2.34233,Bombing/Explosion,0,4
33.671638,73.056068,Bombing/Explosion,5,5
34.417122,70.449593,Bombing/Explosion,10,10
33.819136,10.855024,Bombing/Explosion,21,21
24.891115,67.143311,Bombing/Explosion,14,14
31.002735,66.405617,Bombing/Explosion,19,19
31.631083,65.742226,Assassination,3,4
34.516895,69.147011,Bombing/Explosion,10,10
25.389288,68.357338,Bombing/Explosion,1,4
12.533136,47.922339,Bombing/Explosion,1,4
34.417122,70.449593,Bombing/Explosion,0,4
31.631083,65.742226,Bombing/Explosion,0,4
-4.090508,39.647758,Bombing/Explosion,16,16
-4.041179,39.677612,Bombing/Explosion,0,4
34.516895,69.147011,Bombing/Explosion,0,4
34.417122,70.449593,Bombing/Explosion,0,4
34.417122,70.449593,Bombing/Explosion,0,4
34.417122,70.449593,Bombing/Explosion,0,4
31.631083,65.742226,Bombing/Explosion,3,4
31.631083,65.742226,Bombing/Explosion,0,4
34.417122,70.449593,Bombing/Explosion,0,4
34.417122,70.449593,Bombing/Explosion,0,4
31.631083,65.742226,Bombing/Explosion,0,4
24.64732,46.714581,Bombing/Explosion,12,12
24.64732,46.714581,Bombing/Explosion,11,11
24.64732,46.714581,Bombing/Explosion,11,11
24.64732,46.714581,Bombing/Explosion,0,4
34.516895,69.147011,Bombing/Explosion,6,6
31.60063,64.369652,Bombing/Explosion,17,17
16.893194,42.57526,Armed Assault,4,4
33.303566,44.371773,Bombing/Explosion,7,7
24.64732,46.714581,Bombing/Explosion,17,17
41.106178,28.689863,Bombing/Explosion,16,16
41.106178,28.689863,Bombing/Explosion,16,16
33.594013,73.069077,Assassination,15,15
40.465595,-3.696263,Bombing/Explosion,37,37
40.465595,-3.696263,Bombing/Explosion,73,73
40.465595,-3.696263,Bombing/Explosion,19,19
40.465595,-3.696263,Bombing/Explosion,0,4
40.465595,-3.696263,Bombing/Explosion,0,4
40.465595,-3.696263,Bombing/Explosion,62,62
34.006004,71.53743,Bombing/Explosion,0,4
24.089097,38.063963,Armed Assault,10,10
26.218399,50.195902,Hostage Taking (Barricade Incident),22,22
32.687926,69.832993,Bombing/Explosion,0,4
32.306099,69.579956,Armed Assault,24,24
24.64732,46.714581,Armed Assault,1,4
24.64732,46.714581,Hostage Taking (Kidnapping),1,4
32.386811,69.689823,Bombing/Explosion,1,4
32.306099,69.579956,Bombing/Explosion,2,4
33.744999,45.545616,Armed Assault,50,50
33.303566,44.371773,Bombing/Explosion,3,4
33.303566,44.371773,Hostage Taking (Kidnapping),1,4
33.303566,44.371773,Facility/Infrastructure Attack,13,13
21.543155,39.174905,Armed Assault,9,9
33.303566,44.371773,Bombing/Explosion,2,4
35.064873,43.551613,Facility/Infrastructure Attack,0,4
32.622868,69.839325,Bombing/Explosion,1,4
24.64732,46.714581,Bombing/Explosion,8,8
33.303566,44.371773,Assassination,2,4
33.303566,44.371773,Assassination,2,4
34.621521,43.668377,Bombing/Explosion,8,8
30.510054,47.778095,Bombing/Explosion,3,4
33.303566,44.371773,Hostage Taking (Kidnapping),0,4
36.354145,43.14357,Bombing/Explosion,12,12
33.303566,44.371773,Bombing/Explosion,21,21
32.777344,44.289352,Bombing/Explosion,18,18
33.74324,44.623825,Bombing/Explosion,3,4
33.303566,44.371773,Bombing/Explosion,7,7
33.303566,44.371773,Assassination,9,9
34.010471,44.148235,Bombing/Explosion,16,16
33.74324,44.623825,Bombing/Explosion,11,11
35.45211,44.375465,Bombing/Explosion,0,4
36.354145,43.14357,Assassination,4,4
32.000596,44.330818,Hostage Taking (Kidnapping),1,4
33.303566,44.371773,Bombing/Explosion,20,20
33.303566,44.371773,Bombing/Explosion,1,4
33.31065,44.038208,Bombing/Explosion,10,10
34.621521,43.668377,Bombing/Explosion,6,6
33.303566,44.371773,Bombing/Explosion,3,4
33.303566,44.371773,Bombing/Explosion,3,4
33.303566,44.371773,Bombing/Explosion,4,4
33.303566,44.371773,Bombing/Explosion,3,4
33.303566,44.371773,Bombing/Explosion,22,22
33.420948,43.295662,Hostage Taking (Kidnapping),1,4
33.303566,44.371773,Bombing/Explosion,15,15
33.303566,44.371773,Assassination,1,4
33.303566,44.371773,Assassination,1,4
33.303566,44.371773,Assassination,2,4
33.303566,44.371773,Bombing/Explosion,11,11
32.469238,44.416637,Bombing/Explosion,34,34
32.469238,44.416637,Bombing/Explosion,27,27
31.631083,65.742226,Bombing/Explosion,21,21
33.303566,44.371773,Bombing/Explosion,1,4
33.303566,44.371773,Bombing/Explosion,3,4
33.303566,44.371773,Bombing/Explosion,23,23
33.303566,44.371773,Assassination,5,5
33.303566,44.371773,Bombing/Explosion,2,4
33.303566,44.371773,Bombing/Explosion,20,20
32.469238,44.416637,Bombing/Explosion,8,8
33.303566,44.371773,Bombing/Explosion,0,4
33.303566,44.371773,Hostage Taking (Kidnapping),0,4
33.303566,44.371773,Armed Assault,0,4
33.303566,44.371773,Armed Assault,0,4
51.504387,-0.140041,Bombing/Explosion,8,8
51.504387,-0.140041,Bombing/Explosion,27,27
51.504387,-0.140041,Bombing/Explosion,7,7
51.504387,-0.140041,Bombing/Explosion,14,14
33.303566,44.371773,Assassination,1,4
33.287345,44.319487,Bombing/Explosion,25,25
33.848618,44.522125,Armed Assault,12,12
33.848618,44.522125,Bombing/Explosion,2,4
33.303566,44.371773,Bombing/Explosion,3,4
33.303566,44.371773,Bombing/Explosion,8,8
33.303566,44.371773,Assassination,3,4
51.504387,-0.140041,Bombing/Explosion,0,4
33.303566,44.371773,Hostage Taking (Kidnapping),2,4
51.504387,-0.140041,Bombing/Explosion,0,4
51.504387,-0.140041,Bombing/Explosion,0,4
51.504387,-0.140041,Bombing/Explosion,0,4
36.803982,42.093945,Bombing/Explosion,44,44
33.74324,44.623825,Bombing/Explosion,8,8
33.303566,44.371773,Bombing/Explosion,160,160
33.303566,44.371773,Bombing/Explosion,4,4
33.375759,44.702866,Bombing/Explosion,30,30
33.303566,44.371773,Bombing/Explosion,10,10
36.376823,42.448875,Bombing/Explosion,6,6
16.917494,43.762409,Armed Assault,12,12
32.824731,70.067644,Bombing/Explosion,8,8
31.950001,35.933331,Bombing/Explosion,20,20
31.950001,35.933331,Bombing/Explosion,20,20
31.950001,35.933331,Bombing/Explosion,21,21
33.303566,44.371773,Bombing/Explosion,35,35
33.303566,44.371773,Bombing/Explosion,36,36
59.402479,17.944322,Facility/Infrastructure Attack,0,4
33.303566,44.371773,Hostage Taking (Kidnapping),0,4
33.303566,44.371773,Bombing/Explosion,2,4
23.84422,89.049414,Bombing/Explosion,0,4
23.905927,89.054947,Bombing/Explosion,0,4
36.70993,67.1157,Bombing/Explosion,0,4
34.208416,43.890713,Bombing/Explosion,0,4
25.932228,49.664617,Bombing/Explosion,4,4
33.303566,44.371773,Bombing/Explosion,90,90
33.303566,44.371773,Hostage Taking (Kidnapping),1,4
33.303566,44.371773,Bombing/Explosion,6,6
3.115641,43.64658,Assassination,11,11
32.684554,70.009858,Bombing/Explosion,9,9
31.502407,34.459743,Bombing/Explosion,0,4
33.420948,43.295662,Hostage Taking (Kidnapping),1,4
36.805258,3.813209,Bombing/Explosion,0,4
36.28611,5.60722,Bombing/Explosion,15,15
36.81694,3.85722,Bombing/Explosion,0,4
36.86318,3.88035,Bombing/Explosion,0,4
36.757011,3.482869,Assassination,1,4
36.891243,4.123217,Bombing/Explosion,0,4
36.639167,4.383889,Bombing/Explosion,1,4
36.76029,3.472395,Bombing/Explosion,0,4
36.724419,3.619247,Bombing/Explosion,4,4
36.691273,3.588857,Bombing/Explosion,0,4
36.686703,4.266169,Bombing/Explosion,2,4
36.733333,3.966667,Bombing/Explosion,0,4
36.553405,3.108938,Bombing/Explosion,0,4
36.763763,3.055413,Bombing/Explosion,0,4
36.729435,3.498687,Armed Assault,0,4
36.727778,3.553889,Armed Assault,0,4
36.63709,3.69474,Armed Assault,0,4
36.721944,3.913056,Armed Assault,0,4
36.069432,1.989646,Bombing/Explosion,4,4
33.420948,43.295662,Bombing/Explosion,2,4
33.163559,43.863106,Bombing/Explosion,2,4
33.520717,44.024424,Bombing/Explosion,1,4
33.303566,44.371773,Bombing/Explosion,0,4
33.303566,44.371773,Bombing/Explosion,8,8
36.76029,3.472395,Assassination,0,4
34.949444,6.003611,Armed Assault,3,4
35.05,0.783333,Armed Assault,15,15
36.763763,3.055413,Bombing/Explosion,30,30
33.303566,44.371773,Bombing/Explosion,8,8
36.770538,3.512263,Armed Assault,2,4
33.59,-7.61,Bombing/Explosion,2,4
36.72398,3.670848,Armed Assault,0,4
36.654051,3.679096,Bombing/Explosion,0,4
33.303566,44.371773,Bombing/Explosion,127,127
36.75,5.85,Assassination,1,4
36.651559,3.328976,Armed Assault,1,4
36.192589,44.004623,Bombing/Explosion,19,19
36.866667,6.9,Bombing/Explosion,2,4
36.85,6.05,Bombing/Explosion,0,4
36.35,6.6,Bombing/Explosion,1,4
33.773349,45.14945,Armed Assault,16,16
36.716365,4.049834,Hostage Taking (Kidnapping),0,4
36.604073,3.699024,Armed Assault,0,4
33.74324,44.623825,Bombing/Explosion,3,4
35.303047,44.329933,Bombing/Explosion,0,4
33.303566,44.371773,Assassination,1,4
36.742004,3.726194,Bombing/Explosion,1,4
36.686703,4.266169,Armed Assault,1,4
36.35,6.6,Bombing/Explosion,0,4
36.35,6.6,Bombing/Explosion,0,4
36.8825,4.661944,Bombing/Explosion,3,4
33.693409,44.796085,Hostage Taking (Kidnapping),15,15
32.874886,44.281016,Bombing/Explosion,15,15
33.74324,44.623825,Bombing/Explosion,1,4
34.208416,43.890713,Bombing/Explosion,0,4
34.790665,44.662151,Bombing/Explosion,18,18
36.747752,3.773732,Bombing/Explosion,0,4
55.863239,-4.427852,Armed Assault,1,4
35.194012,6.915436,Assassination,1,4
34.533753,43.483738,Bombing/Explosion,1,4
15.434043,45.48023,Bombing/Explosion,9,9
36.501,3.77396,Unknown,1,4
36.536834,4.215102,Assassination,0,4
36.562222,3.594444,Bombing/Explosion,11,11
36.891243,4.123217,Bombing/Explosion,1,4
33.006516,70.068253,Bombing/Explosion,25,25
36.691273,3.588857,Bombing/Explosion,0,4
36.63059,4.289494,Bombing/Explosion,3,4
36.56522,3.153934,Assassination,0,4
36.202354,41.687168,Bombing/Explosion,250,250
36.183247,41.591599,Bombing/Explosion,250,250
36.748247,3.948864,Bombing/Explosion,0,4
34.208416,43.890713,Armed Assault,3,4
33.74324,44.623825,Hostage Taking (Kidnapping),0,4
35.024167,8.024722,Bombing/Explosion,6,6
33.594013,73.069077,Bombing/Explosion,18,18
35.55,6.166667,Bombing/Explosion,16,16
34.417522,3.831195,Assassination,1,4
36.919552,3.891396,Bombing/Explosion,30,30
36.724419,3.619247,Bombing/Explosion,0,4
33.420948,43.295662,Bombing/Explosion,3,4
36.803501,3.563821,Bombing/Explosion,3,4
33.953167,44.921906,Armed Assault,14,14
36.564444,3.154167,Bombing/Explosion,1,4
36.562222,3.594444,Bombing/Explosion,1,4
33.74324,44.623825,Bombing/Explosion,20,20
36.789167,3.677222,Assassination,1,4
36.72398,3.670848,Bombing/Explosion,2,4
36.335801,4.262044,Bombing/Explosion,0,4
36.919552,3.891396,Bombing/Explosion,0,4
33.349159,43.784199,Armed Assault,1,4
33.737099,44.490696,Bombing/Explosion,1,4
31.98958,44.923775,Facility/Infrastructure Attack,10,10
31.98958,44.923775,Facility/Infrastructure Attack,10,10
33.773349,45.14945,Armed Assault,1,4
34.208416,43.890713,Armed Assault,6,6
33.74324,44.623825,Bombing/Explosion,7,7
33.19392,44.408577,Armed Assault,14,14
33.8925,44.709722,Armed Assault,22,22
33.773349,45.14945,Armed Assault,22,22
34.271034,45.163567,Armed Assault,2,4
33.74324,44.623825,Armed Assault,1,4
33.953167,44.921906,Unknown,4,4
33.848618,44.522125,Armed Assault,5,5
36.763763,3.055413,Bombing/Explosion,20,20
36.763763,3.055413,Bombing/Explosion,19,19
35.815556,43.443889,Assassination,5,5
36.287615,4.129991,Bombing/Explosion,0,4
36.727778,3.553889,Bombing/Explosion,2,4
36.562222,3.594444,Bombing/Explosion,0,4
36.562222,3.594444,Bombing/Explosion,2,4
33.594013,73.069077,Assassination,20,20
34.057114,44.218292,Armed Assault,1,4
33.74324,44.623825,Bombing/Explosion,8,8
36.745632,3.830243,Bombing/Explosion,5,5
33.848618,44.522125,Armed Assault,0,4
33.303566,44.371773,Unknown,1,4
33.303566,44.371773,Bombing/Explosion,90,90
32.926684,69.920086,Bombing/Explosion,7,7
33.303566,44.371773,Bombing/Explosion,11,11
36.73914,3.901676,Bombing/Explosion,3,4
33.543086,9.970034,Hostage Taking (Kidnapping),0,4
36.680349,4.208192,Armed Assault,1,4
36.772659,5.958971,Bombing/Explosion,1,4
33.303566,44.371773,Bombing/Explosion,56,56
31.50547,74.34288,Bombing/Explosion,27,27
33.571807,44.536067,Armed Assault,5,5
35.271023,43.458084,Bombing/Explosion,4,4
34.621521,43.668377,Armed Assault,5,5
33.671638,73.056068,Bombing/Explosion,1,4
33.368418,6.867525,Assassination,2,4
15.325443,44.211895,Bombing/Explosion,2,4
34.621521,43.668377,Armed Assault,4,4
34.186336,45.126056,Bombing/Explosion,1,4
33.74324,44.623825,Bombing/Explosion,0,4
36.891243,4.123217,Armed Assault,1,4
15.325443,44.211895,Bombing/Explosion,0,4
33.303566,44.371773,Unknown,4,4
33.693947,45.067425,Bombing/Explosion,7,7
36.562222,3.594444,Bombing/Explosion,1,4
33.693947,45.067425,Bombing/Explosion,6,6
33.74324,44.623825,Armed Assault,0,4
15.45639,45.324871,Armed Assault,1,4
34.010471,44.148235,Armed Assault,4,4
15.45639,45.324871,Bombing/Explosion,0,4
33.420948,43.295662,Bombing/Explosion,14,14
33.74324,44.623825,Bombing/Explosion,42,42
15.964205,48.78252,Bombing/Explosion,0,4
36.535577,3.834176,Hostage Taking (Kidnapping),1,4
33.693947,45.067425,Bombing/Explosion,36,36
33.693947,45.067425,Hostage Taking (Kidnapping),0,4
36.266667,2.75,Armed Assault,9,9
33.303566,44.371773,Armed Assault,1,4
36.727778,3.553889,Hostage Taking (Kidnapping),0,4
33.744999,45.545616,Assassination,2,4
12.825647,44.846416,Bombing/Explosion,0,4
36.737011,6.716271,Bombing/Explosion,1,4
36.740312,3.174597,Bombing/Explosion,0,4
36.740312,3.174597,Bombing/Explosion,1,4
34.347343,45.383274,Armed Assault,5,5
36.562222,3.594444,Bombing/Explosion,2,4
36.562222,3.594444,Bombing/Explosion,10,10
36.66774,3.59115,Bombing/Explosion,2,4
34.023571,44.031361,Unknown,4,4
33.773349,45.14945,Hostage Taking (Kidnapping),0,4
35.210234,4.188366,Unknown,3,4
36.845,4.573889,Bombing/Explosion,0,4
36.845,4.573889,Bombing/Explosion,2,4
36.526829,4.277452,Bombing/Explosion,2,4
41.106178,28.689863,Armed Assault,6,6
36.79778,3.7175,Bombing/Explosion,0,4
36.501,3.77396,Bombing/Explosion,0,4
33.716995,44.679516,Hostage Taking (Kidnapping),1,4
36.562222,3.594444,Bombing/Explosion,1,4
33.303566,44.371773,Armed Assault,7,7
33.303566,44.371773,Bombing/Explosion,24,24
33.303566,44.371773,Bombing/Explosion,8,8
36.716365,4.049834,Bombing/Explosion,1,4
36.802253,3.565254,Bombing/Explosion,9,9
36.772659,5.958971,Assassination,3,4
36.72398,3.670848,Bombing/Explosion,44,44
36.37489,3.902,Bombing/Explosion,12,12
36.37489,3.902,Bombing/Explosion,3,4
33.716995,44.679516,Hostage Taking (Kidnapping),0,4
35.55,6.166667,Armed Assault,7,7
36.74472,4.37222,Bombing/Explosion,0,4
22.734151,-12.467545,Hostage Taking (Kidnapping),12,12
15.325443,44.211895,Bombing/Explosion,16,16
33.303566,44.371773,Bombing/Explosion,2,4
36.75,5.85,Bombing/Explosion,0,4
33.74324,44.623825,Hostage Taking (Kidnapping),0,4
36.723166,3.914166,Armed Assault,2,4
33.303566,44.371773,Bombing/Explosion,12,12
33.303566,44.371773,Bombing/Explosion,1,4
33.303566,44.371773,Bombing/Explosion,8,8
33.303566,44.371773,Bombing/Explosion,8,8
36.919552,3.891396,Bombing/Explosion,4,4
35.870833,2.028889,Armed Assault,6,6
33.571743,44.536211,Armed Assault,2,4
36.178248,5.458124,Bombing/Explosion,2,4
36.8,4.266667,Hostage Taking (Kidnapping),1,4
15.325443,44.211895,Bombing/Explosion,1,4
36.8,4.266667,Assassination,1,4
36.767596,3.7029,Armed Assault,1,4
33.303566,44.371773,Bombing/Explosion,32,32
33.303566,44.371773,Bombing/Explosion,0,4
33.303566,44.371773,Bombing/Explosion,0,4
13.511596,2.125385,Hostage Taking (Kidnapping),0,4
35.905778,0.774386,Bombing/Explosion,3,4
33.403057,43.911865,Facility/Infrastructure Attack,0,4
36.266667,2.216667,Armed Assault,1,4
15.0408,2.705,Hostage Taking (Kidnapping),1,4
35.407139,8.120864,Bombing/Explosion,7,7
36.673564,5.481713,Bombing/Explosion,9,9
33.31065,44.038208,Bombing/Explosion,34,34
34.347343,45.383274,Armed Assault,1,4
34.96725,7.907657,Bombing/Explosion,1,4
15.914915,48.650745,Bombing/Explosion,7,7
34.96725,7.907657,Bombing/Explosion,4,4
35.1575,8.195556,Bombing/Explosion,2,4
15.325443,44.211895,Bombing/Explosion,1,4
34.485829,7.518017,Bombing/Explosion,1,4
34.271034,45.163567,Bombing/Explosion,16,16
36.522222,4.203056,Armed Assault,2,4
36.893792,4.420652,Unknown,1,4
33.303566,44.371773,Bombing/Explosion,6,6
33.303566,44.371773,Bombing/Explosion,10,10
33.303566,44.371773,Bombing/Explosion,2,4
33.303566,44.371773,Bombing/Explosion,4,4
33.303566,44.371773,Bombing/Explosion,12,12
33.303566,44.371773,Bombing/Explosion,12,12
33.303566,44.371773,Bombing/Explosion,12,12
33.303566,44.371773,Bombing/Explosion,7,7
36.742004,3.726194,Bombing/Explosion,0,4
33.74324,44.623825,Bombing/Explosion,0,4
36.786668,3.603268,Armed Assault,2,4
36.79885,6.15721,Bombing/Explosion,0,4
36.672703,3.809529,Bombing/Explosion,10,10
13.707198,1.77831,Hostage Taking (Kidnapping),0,4
16.77532,-3.008265,Armed Assault,1,4
36.077754,4.462888,Bombing/Explosion,19,19
35.036841,7.021988,Armed Assault,5,5
18.079275,-15.965107,Hostage Taking (Kidnapping),1,4
16.266667,-0.05,Unknown,28,28
35.584338,5.860815,Bombing/Explosion,0,4
36.919552,3.891396,Bombing/Explosion,1,4
35.400171,0.139933,Unknown,2,4
18.079275,-15.965107,Bombing/Explosion,1,4
36.72398,3.670848,Bombing/Explosion,43,43
21.543155,39.174905,Assassination,1,4
36.592604,4.487702,Bombing/Explosion,0,4
36.519439,4.146745,Armed Assault,1,4
36.612083,3.98778,Armed Assault,7,7
33.74324,44.623825,Assassination,0,4
36.866624,4.249595,Hostage Taking (Kidnapping),0,4
14.681553,48.851287,Armed Assault,5,5
33.74324,44.623825,Assassination,2,4
15.914432,2.397368,Hostage Taking (Kidnapping),0,4
18.1,-15.95,Hostage Taking (Kidnapping),0,4
34.621521,43.668377,Assassination,6,6
33.303566,44.371773,Bombing/Explosion,26,26
33.303566,44.371773,Bombing/Explosion,26,26
33.303566,44.371773,Bombing/Explosion,26,26
33.303566,44.371773,Bombing/Explosion,27,27
33.303566,44.371773,Bombing/Explosion,27,27
36.376823,42.448875,Bombing/Explosion,2,4
42.331685,-83.047924,Bombing/Explosion,0,4
15.6207,4.7832,Unknown,4,4
27.560076,68.215714,Hostage Taking (Kidnapping),0,4
17.905421,6.04542,Hostage Taking (Kidnapping),1,4
33.303566,44.371773,Bombing/Explosion,3,4
33.303566,44.371773,Bombing/Explosion,5,5
33.303566,44.371773,Bombing/Explosion,6,6
33.303566,44.371773,Bombing/Explosion,1,4
33.303566,44.371773,Bombing/Explosion,0,4
33.303566,44.371773,Bombing/Explosion,20,20
33.303566,44.371773,Bombing/Explosion,19,19
36.188889,42.8025,Bombing/Explosion,0,4
15.325443,44.211895,Assassination,1,4
30.510054,47.778095,Bombing/Explosion,12,12
30.510054,47.778095,Bombing/Explosion,6,6
32.469238,44.416637,Bombing/Explosion,43,43
36.724419,3.619247,Bombing/Explosion,2,4
15.45639,45.324871,Bombing/Explosion,0,4
12.825647,44.846416,Armed Assault,13,13
22.785,5.52278,Unknown,11,11
13.129726,45.385571,Assassination,1,4
33.31065,44.038208,Bombing/Explosion,1,4
33.31065,44.038208,Bombing/Explosion,1,4
33.31065,44.038208,Bombing/Explosion,1,4
33.31065,44.038208,Bombing/Explosion,0,4
33.31065,44.038208,Bombing/Explosion,0,4
36.73914,3.901676,Bombing/Explosion,4,4
13.129726,45.385571,Bombing/Explosion,2,4
13.129726,45.385571,Armed Assault,3,4
33.303566,44.371773,Bombing/Explosion,43,43
34.363503,41.115997,Assassination,5,5
14.52618,46.844932,Armed Assault,5,5
14.52618,46.844932,Armed Assault,9,9
36.662321,4.079895,Bombing/Explosion,2,4
15.325443,44.211895,Armed Assault,3,4
33.303566,44.371773,Bombing/Explosion,8,8
33.303566,44.371773,Bombing/Explosion,8,8
12.838674,44.868883,Bombing/Explosion,1,4
13.683741,46.081752,Armed Assault,3,4
14.52618,46.844932,Armed Assault,1,4
36.881337,4.66188,Armed Assault,2,4
18.442701,1.411332,Hostage Taking (Kidnapping),1,4
13.063399,44.880882,Assassination,1,4
13.129726,45.385571,Armed Assault,1,4
35.703845,4.572282,Bombing/Explosion,1,4
36.81694,3.85722,Armed Assault,1,4
13.887403,45.863647,Bombing/Explosion,13,13
16.615866,-7.254218,Bombing/Explosion,1,4
15.45639,45.324871,Armed Assault,0,4
36.767847,3.604741,Bombing/Explosion,3,4
13.129726,45.385571,Armed Assault,1,4
13.683741,46.081752,Armed Assault,3,4
13.932036,46.083254,Armed Assault,3,4
32.533287,45.829453,Bombing/Explosion,0,4
36.684583,4.665693,Bombing/Explosion,0,4
14.691211,46.933789,Bombing/Explosion,0,4
14.279772,47.575336,Bombing/Explosion,2,4
18.73694,7.38528,Hostage Taking (Kidnapping),0,4
13.219398,45.307838,Assassination,0,4
13.887403,45.863647,Unknown,2,4
14.719504,46.868266,Unknown,2,4
14.208576,45.816908,Unknown,1,4
14.38252,47.399537,Unknown,6,6
15.325443,44.211895,Armed Assault,2,4
14.38252,47.399537,Bombing/Explosion,0,4
14.309823,46.937905,Armed Assault,3,4
35.567009,45.385494,Bombing/Explosion,1,4
36.762758,4.584531,Bombing/Explosion,5,5
13.683741,46.081752,Bombing/Explosion,0,4
14.54397,49.12458,Armed Assault,1,4
12.825647,44.846416,Bombing/Explosion,2,4
13.683741,46.081752,Bombing/Explosion,0,4
13.683741,46.081752,Assassination,1,4
13.932036,46.083254,Bombing/Explosion,2,4
13.129726,45.385571,Unknown,3,4
14.54397,49.12458,Assassination,1,4
36.724419,3.619247,Bombing/Explosion,1,4
52.829397,-1.332046,Bombing/Explosion,0,4
25.185573,55.303363,Bombing/Explosion,0,4
14.719504,46.868266,Bombing/Explosion,0,4
33.303566,44.371773,Bombing/Explosion,21,21
33.303566,44.371773,Bombing/Explosion,2,4
33.303566,44.371773,Bombing/Explosion,2,4
33.303566,44.371773,Bombing/Explosion,2,4
33.303566,44.371773,Bombing/Explosion,2,4
33.303566,44.371773,Bombing/Explosion,2,4
33.303566,44.371773,Bombing/Explosion,1,4
33.303566,44.371773,Bombing/Explosion,1,4
33.303566,44.371773,Bombing/Explosion,1,4
33.303566,44.371773,Bombing/Explosion,1,4
33.303566,44.371773,Bombing/Explosion,1,4
33.303566,44.371773,Bombing/Explosion,1,4
33.303566,44.371773,Bombing/Explosion,1,4
33.303566,44.371773,Bombing/Explosion,1,4
13.219398,45.307838,Unknown,3,4
13.702663,44.73357,Bombing/Explosion,2,4
16.249994,45.478097,Bombing/Explosion,16,16
16.249994,45.478097,Assassination,16,16
17.060139,43.599369,Bombing/Explosion,41,41
13.887403,45.863647,Bombing/Explosion,0,4
36.354145,43.14357,Armed Assault,1,4
13.129726,45.385571,Bombing/Explosion,5,5
13.129726,45.385571,Armed Assault,3,4
12.648483,-7.99414,Facility/Infrastructure Attack,0,4
13.511596,2.125385,Hostage Taking (Kidnapping),2,4
13.887403,45.863647,Bombing/Explosion,10,10
13.887403,45.863647,Assassination,4,4
14.326655,47.447216,Assassination,1,4
34.621521,43.668377,Bombing/Explosion,61,61
13.887403,45.863647,Armed Assault,1,4
15.45639,45.324871,Armed Assault,1,4
15.502404,45.449854,Unknown,1,4
18.079275,-15.965107,Assassination,0,4
15.325443,44.211895,Assassination,1,4
24.553989,9.484227,Hostage Taking (Kidnapping),0,4
17.866496,-14.658782,Armed Assault,1,4
13.88908,45.870951,Armed Assault,1,4
14.762732,49.605728,Assassination,1,4
15.964205,48.78252,Armed Assault,1,4
13.129726,45.385571,Armed Assault,1,4
14.54397,49.12458,Armed Assault,4,4
15.502404,45.449854,Armed Assault,6,6
13.219398,45.307838,Bombing/Explosion,110,110
34.621521,43.668377,Bombing/Explosion,68,68
33.303566,44.371773,Armed Assault,2,4
36.74704,4.370063,Armed Assault,14,14
13.129726,45.385571,Armed Assault,1,4
13.129726,45.385571,Armed Assault,0,4
12.825647,44.846416,Armed Assault,1,4
31.633333,-8,Bombing/Explosion,17,17
13.129726,45.385571,Armed Assault,3,4
36.814496,3.861964,Armed Assault,1,4
15.45639,45.324871,Bombing/Explosion,4,4
14.413989,44.837418,Armed Assault,6,6
13.683741,46.081752,Hostage Taking (Kidnapping),0,4
13.129726,45.385571,Armed Assault,1,4
32.31863,10.395596,Bombing/Explosion,0,4
14.54397,49.12458,Armed Assault,3,4
35.651733,9.055869,Armed Assault,4,4
14.326655,47.447216,Armed Assault,0,4
15.325443,44.211895,Assassination,7,7
13.129726,45.385571,Unknown,10,10
12.825647,44.846416,Armed Assault,0,4
13.129726,45.385571,Armed Assault,15,15
18.739003,7.389477,Armed Assault,2,4
13.219398,45.307838,Hostage Taking (Kidnapping),0,4
13.063399,44.880882,Armed Assault,3,4
12.825647,44.846416,Assassination,1,4
13.129726,45.385571,Hostage Taking (Kidnapping),0,4
13.129726,45.385571,Hostage Taking (Kidnapping),0,4
13.129726,45.385571,Armed Assault,19,19
36.714164,4.050111,Armed Assault,2,4
18.673703,-7.092877,Armed Assault,0,4
13.887403,45.863647,Armed Assault,10,10
13.129726,45.385571,Unknown,3,4
13.683741,46.081752,Facility/Infrastructure Attack,0,4
36.741667,3.723056,Bombing/Explosion,,4
12.825647,44.846416,Bombing/Explosion,1,4
12.825647,44.846416,Bombing/Explosion,6,6
13.129726,45.385571,Unknown,12,12
31.50547,74.34288,Hostage Taking (Kidnapping),1,4
16.199874,44.408998,Bombing/Explosion,14,14
34.271034,45.163567,Bombing/Explosion,1,4
36.714164,4.050111,Armed Assault,2,4
13.357599,45.69648,Unknown,0,4
13.932036,46.083254,Bombing/Explosion,5,5
13.129726,45.385571,Bombing/Explosion,10,10
13.683741,46.081752,Unknown,14,14
13.357599,45.69648,Bombing/Explosion,0,4
34.125729,45.003342,Armed Assault,1,4
13.129726,45.385571,Bombing/Explosion,8,8
13.683741,46.081752,Unknown,36,36
13.129726,45.385571,Armed Assault,18,18
13.129726,45.385571,Facility/Infrastructure Attack,10,10
14.719504,46.868266,Unknown,,4
13.129726,45.385571,Bombing/Explosion,2,4
13.129726,45.385571,Bombing/Explosion,6,6
12.825647,44.846416,Armed Assault,1,4
32.468191,44.550194,Bombing/Explosion,5,5
13.129726,45.385571,Armed Assault,1,4
12.870799,45.046499,Bombing/Explosion,0,4
13.219398,45.307838,Armed Assault,1,4
32.604393,44.007145,Bombing/Explosion,3,4
32.604393,44.007145,Bombing/Explosion,3,4
32.604393,44.007145,Bombing/Explosion,3,4
13.129726,45.385571,Armed Assault,4,4
12.825647,44.846416,Assassination,1,4
33.716995,44.679516,Hostage Taking (Kidnapping),1,4
33.864799,42.536385,Hostage Taking (Kidnapping),0,4
13.063399,44.880882,Assassination,1,4
36.714164,4.050111,Bombing/Explosion,0,4
12.825647,44.846416,Bombing/Explosion,0,4
12.825647,44.846416,Assassination,1,4
14.54397,49.12458,Armed Assault,2,4
33.953167,44.921906,Armed Assault,1,4
13.219398,45.307838,Unarmed Assault,0,4
12.825647,44.846416,Assassination,1,4
14.54397,49.12458,Assassination,1,4
33.813793,44.657238,Bombing/Explosion,0,4
13.932036,46.083254,Bombing/Explosion,2,4
15.286179,-1.702154,Hostage Taking (Kidnapping),1,4
16.77532,-3.008265,Hostage Taking (Kidnapping),1,4
34.208416,43.890713,Armed Assault,5,5
12.870799,45.046499,Assassination,2,4
14.769764,49.374268,Armed Assault,1,4
13.129726,45.385571,Bombing/Explosion,5,5
14.719504,46.868266,Assassination,1,4
13.129726,45.385571,Armed Assault,10,10
15.413965,45.95049,Bombing/Explosion,0,4
13.178143,44.632399,Armed Assault,1,4
33.303566,44.371773,Bombing/Explosion,2,4
33.303566,44.371773,Bombing/Explosion,3,4
33.303566,44.371773,Bombing/Explosion,5,5
33.303566,44.371773,Bombing/Explosion,7,7
33.303566,44.371773,Bombing/Explosion,18,18
33.303566,44.371773,Bombing/Explosion,1,4
33.303566,44.371773,Bombing/Explosion,1,4
33.303566,44.371773,Bombing/Explosion,0,4
33.303566,44.371773,Bombing/Explosion,3,4
33.303566,44.371773,Bombing/Explosion,4,4
33.303566,44.371773,Bombing/Explosion,2,4
33.848618,44.522125,Unknown,5,5
33.303566,44.371773,Bombing/Explosion,0,4
33.303566,44.371773,Bombing/Explosion,1,4
33.515244,36.292084,Bombing/Explosion,23,23
33.515244,36.292084,Bombing/Explosion,23,23
33.571807,44.536067,Armed Assault,5,5
36.835434,3.688386,Bombing/Explosion,0,4
12.849085,45.037275,Armed Assault,1,4
13.3576,45.696479,Armed Assault,2,4
34.840833,6.041389,Hostage Taking (Kidnapping),0,4
12.849085,45.037275,Assassination,0,4
12.849085,45.037275,Armed Assault,3,4
14.550455,44.397706,Armed Assault,1,4
33.303567,44.371771,Assassination,1,4
11.974328,8.500261,Hostage Taking (Kidnapping),1,4
16.930414,49.365315,Assassination,1,4
13.129727,45.385572,Bombing/Explosion,5,5
14.931029,45.503647,Armed Assault,3,4
13.063399,44.880882,Armed Assault,2,4
13.985013,45.558478,Assassination,1,4
12.783454,45.033404,Bombing/Explosion,0,4
13.985013,45.558478,Assassination,5,5
15.515888,45.449806,Bombing/Explosion,1,4
13.129727,45.385572,Armed Assault,0,4
33.303567,44.371771,Bombing/Explosion,16,16
33.743239,44.623824,Armed Assault,4,4
33.271403,44.493661,Bombing/Explosion,1,4
33.303567,44.371771,Armed Assault,6,6
33.271403,44.493661,Bombing/Explosion,2,4
33.303567,44.371771,Bombing/Explosion,6,6
34.010473,44.148235,Bombing/Explosion,7,7
34.950795,43.494542,Bombing/Explosion,3,4
33.835628,44.247406,Bombing/Explosion,1,4
34.881348,44.62513,Bombing/Explosion,0,4
34.533753,43.483738,Armed Assault,2,4
33.743239,44.623824,Bombing/Explosion,3,4
34.271035,45.163568,Bombing/Explosion,3,4
32.777344,44.289352,Bombing/Explosion,1,4
35.452112,44.375464,Bombing/Explosion,0,4
35.452112,44.375464,Bombing/Explosion,0,4
36.354146,43.143571,Armed Assault,1,4
36.354146,43.143571,Bombing/Explosion,1,4
33.271403,44.493661,Bombing/Explosion,1,4
33.303567,44.371771,Bombing/Explosion,2,4
33.540671,44.251268,Bombing/Explosion,0,4
33.303567,44.371771,Bombing/Explosion,2,4
32.469239,44.416638,Bombing/Explosion,1,4
32.54855,44.545441,Bombing/Explosion,1,4
33.303567,44.371771,Bombing/Explosion,2,4
33.100528,44.584493,Bombing/Explosion,0,4
36.354146,43.143571,Bombing/Explosion,0,4
36.354146,43.143571,Bombing/Explosion,0,4
33.693946,45.067425,Bombing/Explosion,0,4
35.244444,43.893056,Bombing/Explosion,0,4
35.244444,43.893056,Bombing/Explosion,0,4
33.743239,44.623824,Bombing/Explosion,1,4
33.743239,44.623824,Bombing/Explosion,2,4
33.303567,44.371771,Unknown,2,4
14.54397,49.124579,Bombing/Explosion,31,31
13.634341,46.056321,Hostage Taking (Kidnapping),0,4
13.3576,45.696479,Hostage Taking (Kidnapping),0,4
12.849085,45.037275,Armed Assault,0,4
13.985013,45.558478,Bombing/Explosion,3,4
14.54397,49.124579,Bombing/Explosion,1,4
14.54397,49.124579,Bombing/Explosion,0,4
13.129727,45.385572,Hostage Taking (Kidnapping),210,210
13.129727,45.385572,Bombing/Explosion,22,22
13.129727,45.385572,Bombing/Explosion,5,5
15.914915,48.650744,Armed Assault,1,4
15.325444,44.211895,Bombing/Explosion,0,4
34.160588,42.37254,Assassination,2,4
34.160588,42.37254,Armed Assault,14,14
34.160588,42.37254,Assassination,2,4
34.160588,42.37254,Armed Assault,14,14
13.985013,45.558478,Armed Assault,1,4
12.849057,44.972015,Bombing/Explosion,0,4
14.536389,46.833056,Armed Assault,1,4
36.373718,42.451778,Bombing/Explosion,7,7
36.373718,42.451778,Bombing/Explosion,8,8
12.849085,45.037275,Bombing/Explosion,0,4
13.928919,46.079398,Bombing/Explosion,3,4
12.825748,44.79438,Bombing/Explosion,0,4
13.928919,46.079398,Bombing/Explosion,2,4
13.985013,45.558478,Bombing/Explosion,7,7
12.849085,45.037275,Bombing/Explosion,0,4
14.781294,42.972851,Hostage Taking (Kidnapping),0,4
12.849085,45.037275,Bombing/Explosion,1,4
12.849085,45.037275,Bombing/Explosion,1,4
12.849085,45.037275,Bombing/Explosion,0,4
12.849085,45.037275,Armed Assault,0,4
13.586484,44.024105,Armed Assault,1,4
33.743239,44.623824,Armed Assault,1,4
33.303567,44.371771,Bombing/Explosion,3,4
32.604392,44.007145,Bombing/Explosion,7,7
35.452112,44.375464,Bombing/Explosion,7,7
35.452112,44.375464,Bombing/Explosion,6,6
32.469239,44.416638,Bombing/Explosion,3,4
33.303567,44.371771,Armed Assault,3,4
33.420949,43.295662,Bombing/Explosion,2,4
34.208416,43.890713,Bombing/Explosion,0,4
34.950795,43.494542,Bombing/Explosion,0,4
35.137008,44.446641,Bombing/Explosion,6,6
34.057113,44.218291,Bombing/Explosion,0,4
33.303567,44.371771,Bombing/Explosion,6,6
33.349159,43.784197,Bombing/Explosion,1,4
34.621521,43.668375,Bombing/Explosion,0,4
32.469239,44.416638,Bombing/Explosion,1,4
32.604392,44.007145,Bombing/Explosion,6,6
33.057992,44.354838,Bombing/Explosion,3,4
14.54397,49.124579,Hostage Taking (Kidnapping),1,4
16.930414,49.365315,Armed Assault,3,4
13.063399,44.880882,Armed Assault,1,4
12.849085,45.037275,Hostage Taking (Kidnapping),0,4
14.75463,46.516262,Bombing/Explosion,0,4
12.849085,45.037275,Armed Assault,0,4
12.825748,44.79438,Armed Assault,2,4
12.849085,45.037275,Armed Assault,29,29
13.148959,44.85055,Assassination,0,4
13.702664,44.733569,Armed Assault,1,4
13.702664,44.733569,Armed Assault,3,4
15.914915,48.650744,Armed Assault,7,7
12.849085,45.037275,Bombing/Explosion,0,4
13.990227,48.18108,Bombing/Explosion,0,4
12.86714,44.983957,Bombing/Explosion,2,4
13.985013,45.558478,Bombing/Explosion,1,4
13.56966,44.014629,Assassination,1,4
13.883333,45.866667,Armed Assault,57,57
14.288558,46.856585,Bombing/Explosion,0,4
15.515888,45.449806,Armed Assault,8,8
14.413989,44.837419,Armed Assault,1,4
13.92892,46.079399,Unknown,3,4
16.930414,49.365315,Unknown,8,8
12.8,45.033333,Armed Assault,12,12
15.219678,48.983316,Hostage Taking (Kidnapping),,4
15.840202,48.454379,Bombing/Explosion,3,4
13.883333,45.866667,Bombing/Explosion,5,5
13.887403,45.863649,Armed Assault,8,8
13.943889,45.673611,Bombing/Explosion,6,6
12.8,45.033333,Bombing/Explosion,1,4
33.303567,44.371771,Bombing/Explosion,2,4
34.208416,43.890713,Bombing/Explosion,2,4
34.208416,43.890713,Bombing/Explosion,2,4
33.66969,44.381316,Bombing/Explosion,2,4
33.743239,44.623824,Bombing/Explosion,2,4
35.452112,44.375464,Bombing/Explosion,4,4
35.672931,44.070145,Bombing/Explosion,5,5
35.452112,44.375464,Bombing/Explosion,2,4
33.776311,44.555671,Armed Assault,1,4
34.078571,44.959292,Armed Assault,1,4
33.303567,44.371771,Bombing/Explosion,3,4
33.303567,44.371771,Bombing/Explosion,2,4
33.303567,44.371771,Bombing/Explosion,1,4
33.743239,44.623824,Bombing/Explosion,3,4
33.743239,44.623824,Bombing/Explosion,1,4
35.452112,44.375464,Bombing/Explosion,0,4
35.452112,44.375464,Bombing/Explosion,2,4
33.540671,44.251268,Bombing/Explosion,6,6
33.540671,44.251268,Bombing/Explosion,1,4
33.420949,43.295662,Bombing/Explosion,2,4
33.420949,43.295662,Bombing/Explosion,1,4
34.208416,43.890713,Bombing/Explosion,3,4
34.283333,43.766667,Bombing/Explosion,1,4
33.835628,44.247406,Bombing/Explosion,0,4
35.672931,44.070145,Bombing/Explosion,6,6
35.672931,44.070145,Bombing/Explosion,1,4
35.672931,44.070145,Bombing/Explosion,1,4
35.672931,44.070145,Bombing/Explosion,1,4
35.672931,44.070145,Bombing/Explosion,1,4
35.672931,44.070145,Bombing/Explosion,1,4
34.069456,44.862264,Bombing/Explosion,0,4
33.593056,44.501111,Bombing/Explosion,0,4
34.950795,43.494542,Bombing/Explosion,0,4
36.354146,43.143571,Bombing/Explosion,0,4
33.349159,43.784197,Bombing/Explosion,1,4
33.349159,43.784197,Bombing/Explosion,0,4
36.354146,43.143571,Bombing/Explosion,0,4
33.303567,44.371771,Bombing/Explosion,2,4
33.303567,44.371771,Bombing/Explosion,2,4
33.303567,44.371771,Bombing/Explosion,2,4
32.777344,44.289352,Bombing/Explosion,0,4
34.347345,45.383273,Bombing/Explosion,0,4
33.743239,44.623824,Bombing/Explosion,0,4
14.806614,43.019494,Hostage Taking (Kidnapping),0,4
13.129727,45.385572,Unknown,8,8
13.887403,45.863649,Bombing/Explosion,2,4
14.54397,49.124579,Armed Assault,6,6
15.19,46.7338,Bombing/Explosion,0,4
14.413989,44.837419,Unknown,1,4
13.148959,44.85055,Assassination,1,4
13.887403,45.863649,Unknown,15,15
15.941039,48.780092,Armed Assault,2,4
33.544589,42.933248,Bombing/Explosion,1,4
13.887403,45.863649,Unknown,4,4
36.524836,3.754936,Bombing/Explosion,1,4
13.129727,45.385572,Bombing/Explosion,0,4
36.33563,4.262131,Bombing/Explosion,0,4
13.129727,45.385572,Armed Assault,20,20
36.3308,4.3011,Bombing/Explosion,0,4
36.3308,4.3011,Bombing/Explosion,0,4
36.3308,4.3011,Bombing/Explosion,0,4
13.92891,46.079328,Bombing/Explosion,1,4
13.129727,45.385572,Armed Assault,6,6
13.887403,45.863649,Bombing/Explosion,2,4
15.325444,44.211895,Hostage Taking (Kidnapping),0,4
15.325444,44.211895,Armed Assault,0,4
14.279772,47.575337,Bombing/Explosion,0,4
15.516118,45.459809,Bombing/Explosion,0,4
12.86714,44.983957,Bombing/Explosion,0,4
14.474748,49.034291,Armed Assault,0,4
14.781294,42.972851,Armed Assault,0,4
15.325444,44.211895,Bombing/Explosion,97,97
14.413989,44.837419,Bombing/Explosion,0,4
16.165407,44.776897,Bombing/Explosion,15,15
16.917493,43.762411,Bombing/Explosion,0,4
13.129727,45.385572,Armed Assault,6,6
13.219397,45.307839,Armed Assault,25,25
14.413989,44.837419,Armed Assault,1,4
13.129727,45.385572,Bombing/Explosion,5,5
33.303567,44.371771,Bombing/Explosion,26,26
13.657844,45.8434,Bombing/Explosion,6,6
13.657844,45.8434,Bombing/Explosion,1,4
13.3576,45.696479,Bombing/Explosion,4,4
12.849085,45.037275,Bombing/Explosion,2,4
13.129727,45.385572,Armed Assault,4,4
13.374256,44.754753,Bombing/Explosion,3,4
13.293056,45.295,Bombing/Explosion,0,4
13.219397,45.307839,Armed Assault,11,11
15.325444,44.211895,Armed Assault,1,4
13.129727,45.385572,Bombing/Explosion,9,9
32.469239,44.416638,Bombing/Explosion,20,20
33.303567,44.371771,Bombing/Explosion,9,9
33.303567,44.371771,Bombing/Explosion,7,7
33.303567,44.371771,Bombing/Explosion,7,7
33.303567,44.371771,Bombing/Explosion,1,4
33.303567,44.371771,Armed Assault,3,4
32.901412,45.077723,Bombing/Explosion,0,4
33.349159,43.784197,Bombing/Explosion,1,4
33.349159,43.784197,Bombing/Explosion,1,4
33.31065,44.038206,Bombing/Explosion,1,4
33.31065,44.038206,Bombing/Explosion,1,4
33.31065,44.038206,Bombing/Explosion,1,4
33.31065,44.038206,Bombing/Explosion,0,4
33.100528,44.584493,Bombing/Explosion,3,4
33.37576,44.702866,Bombing/Explosion,2,4
34.010473,44.148235,Bombing/Explosion,2,4
34.010473,44.148235,Bombing/Explosion,2,4
32.604392,44.007145,Bombing/Explosion,2,4
32.604392,44.007145,Bombing/Explosion,1,4
33.749892,44.633421,Bombing/Explosion,3,4
33.743239,44.623824,Bombing/Explosion,0,4
35.452112,44.375464,Bombing/Explosion,,4
35.452112,44.375464,Bombing/Explosion,1,4
35.452112,44.375464,Bombing/Explosion,0,4
36.229574,42.236244,Bombing/Explosion,5,5
36.229574,42.236244,Bombing/Explosion,0,4
36.229574,42.236244,Bombing/Explosion,0,4
33.633895,42.83208,Bombing/Explosion,0,4
14.326655,47.447214,Armed Assault,15,15
33.303567,44.371771,Bombing/Explosion,18,18
33.303567,44.371771,Bombing/Explosion,14,14
14.54397,49.124579,Assassination,1,4
33.743239,44.623824,Bombing/Explosion,16,16
12.849085,45.037275,Assassination,4,4
15.325444,44.211895,Bombing/Explosion,0,4
33.420949,43.295662,Bombing/Explosion,3,4
33.743239,44.623824,Bombing/Explosion,6,6
33.571807,44.536067,Armed Assault,4,4
13.887403,45.863649,Bombing/Explosion,1,4
33.743239,44.623824,Bombing/Explosion,1,4
15.325444,44.211895,Assassination,1,4
31.989581,44.923774,Bombing/Explosion,25,25
15.325444,44.211895,Assassination,0,4
15.325444,44.211895,Bombing/Explosion,11,11
15.325444,44.211895,Bombing/Explosion,1,4
13.586484,44.024105,Assassination,4,4
13.702664,44.733569,Hostage Taking (Kidnapping),0,4
14.536389,46.833056,Assassination,1,4
12.849085,45.037275,Assassination,1,4
14.413989,44.837419,Armed Assault,1,4
14.54397,49.124579,Assassination,0,4
34.129853,44.362278,Armed Assault,15,15
33.540671,44.251268,Bombing/Explosion,11,11
33.540671,44.251268,Bombing/Explosion,12,12
33.540671,44.251268,Bombing/Explosion,10,10
33.540671,44.251268,Bombing/Explosion,10,10
33.303567,44.371771,Bombing/Explosion,3,4
33.303567,44.371771,Bombing/Explosion,12,12
34.881348,44.62513,Bombing/Explosion,1,4
34.881348,44.62513,Bombing/Explosion,0,4
34.881348,44.62513,Bombing/Explosion,0,4
33.835628,44.247406,Bombing/Explosion,1,4
34.010473,44.148235,Bombing/Explosion,0,4
34.010473,44.148235,Bombing/Explosion,0,4
33.571807,44.536067,Bombing/Explosion,5,5
33.784249,44.509721,Bombing/Explosion,3,4
33.953165,44.921904,Bombing/Explosion,2,4
33.953165,44.921904,Bombing/Explosion,1,4
33.953165,44.921904,Bombing/Explosion,1,4
33.953165,44.921904,Bombing/Explosion,1,4
36.354146,43.143571,Bombing/Explosion,3,4
35.713266,41.760647,Bombing/Explosion,1,4
35.816667,43.266667,Bombing/Explosion,3,4
36.354146,43.143571,Bombing/Explosion,0,4
35.452112,44.375464,Bombing/Explosion,1,4
35.452112,44.375464,Bombing/Explosion,1,4
35.452112,44.375464,Bombing/Explosion,1,4
35.452112,44.375464,Bombing/Explosion,1,4
35.452112,44.375464,Bombing/Explosion,1,4
35.452112,44.375464,Bombing/Explosion,0,4
35.452112,44.375464,Bombing/Explosion,0,4
35.688611,44.109167,Bombing/Explosion,0,4
35.688611,44.109167,Bombing/Explosion,0,4
31.989581,44.923774,Bombing/Explosion,4,4
34.533753,43.483738,Armed Assault,2,4
34.347345,45.383273,Bombing/Explosion,2,4
34.347345,45.383273,Armed Assault,0,4
33.743239,44.623824,Bombing/Explosion,0,4
33.303567,44.371771,Bombing/Explosion,0,4
33.66969,44.381316,Bombing/Explosion,0,4
33.303567,44.371771,Bombing/Explosion,2,4
36.229574,42.236244,Bombing/Explosion,,4
34.366667,43.816667,Armed Assault,2,4
13.340718,45.297109,Armed Assault,5,5
14.54397,49.124579,Hostage Taking (Kidnapping),,4
15.325444,44.211895,Bombing/Explosion,1,4
12.849085,45.037275,Assassination,0,4
33.303567,44.371771,Bombing/Explosion,11,11
33.303567,44.371771,Bombing/Explosion,10,10
33.303567,44.371771,Armed Assault,,4
13.219397,45.307839,Armed Assault,4,4
15.411051,48.060789,Unknown,1,4
34.057113,44.218291,Bombing/Explosion,4,4
13.219397,45.307839,Bombing/Explosion,46,46
14.75463,46.516262,Bombing/Explosion,0,4
13.219397,45.307839,Bombing/Explosion,1,4
34.950795,43.494542,Armed Assault,8,8
14.54397,49.124579,Assassination,2,4
16.931354,49.365315,Armed Assault,3,4
34.726267,44.584907,Armed Assault,6,6
34.726267,44.584907,Armed Assault,8,8
34.726267,44.584907,Bombing/Explosion,0,4
33.743239,44.623824,Bombing/Explosion,3,4
13.219397,45.307839,Armed Assault,1,4
13.3576,45.696479,Bombing/Explosion,2,4
33.548307,44.415735,Bombing/Explosion,6,6
35.137008,44.446641,Bombing/Explosion,3,4
35.137008,44.446641,Bombing/Explosion,3,4
33.303567,44.371771,Bombing/Explosion,14,14
33.303567,44.371771,Bombing/Explosion,13,13
33.303567,44.371771,Bombing/Explosion,16,16
33.64997,44.261544,Armed Assault,10,10
32.533286,45.829453,Bombing/Explosion,7,7
35.452112,44.375464,Bombing/Explosion,1,4
35.452112,44.375464,Bombing/Explosion,1,4
35.452112,44.375464,Bombing/Explosion,0,4
33.457222,44.086389,Armed Assault,4,4
33.457222,44.086389,Bombing/Explosion,0,4
33.743239,44.623824,Bombing/Explosion,4,4
13.702664,44.733569,Armed Assault,0,4
12.849085,45.037275,Bombing/Explosion,14,14
13.92891,46.079328,Bombing/Explosion,2,4
14.75463,46.516262,Bombing/Explosion,0,4
13.063399,44.880882,Armed Assault,0,4
13.063399,44.880882,Armed Assault,0,4
12.714722,44.207778,Bombing/Explosion,0,4
15.325444,44.211895,Assassination,1,4
34.881348,44.62513,Armed Assault,2,4
33.835628,44.247406,Armed Assault,6,6
33.835628,44.247406,Bombing/Explosion,5,5
33.457222,44.086389,Armed Assault,1,4
33.743239,44.623824,Bombing/Explosion,0,4
33.743239,44.623824,Bombing/Explosion,0,4
33.743239,44.623824,Bombing/Explosion,0,4
34.950795,43.494542,Bombing/Explosion,0,4
31.848218,47.145201,Bombing/Explosion,14,14
33.303567,44.371771,Bombing/Explosion,13,13
33.303567,44.371771,Bombing/Explosion,5,5
33.303567,44.371771,Bombing/Explosion,4,4
33.303567,44.371771,Bombing/Explosion,3,4
33.303567,44.371771,Bombing/Explosion,7,7
35.452112,44.375464,Bombing/Explosion,9,9
35.452112,44.375464,Bombing/Explosion,3,4
35.290356,44.007872,Bombing/Explosion,7,7
35.272077,43.915044,Bombing/Explosion,0,4
35.326122,43.78081,Bombing/Explosion,0,4
33.540671,44.251268,Bombing/Explosion,1,4
33.540671,44.251268,Bombing/Explosion,0,4
33.540671,44.251268,Bombing/Explosion,0,4
33.743239,44.623824,Bombing/Explosion,0,4
33.743239,44.623824,Bombing/Explosion,1,4
33.743239,44.623824,Bombing/Explosion,0,4
33.743239,44.623824,Bombing/Explosion,0,4
33.743239,44.623824,Bombing/Explosion,0,4
33.349159,43.784197,Armed Assault,1,4
31.044371,46.261451,Bombing/Explosion,1,4
31.044371,46.261451,Bombing/Explosion,2,4
34.881348,44.62513,Armed Assault,1,4
30.510054,47.778094,Bombing/Explosion,3,4
36.376825,42.448876,Bombing/Explosion,2,4
34.208416,43.890713,Bombing/Explosion,2,4
36.354146,43.143571,Bombing/Explosion,2,4
36.354146,43.143571,Bombing/Explosion,0,4
36.354164,43.381776,Assassination,0,4
33.31065,44.038206,Armed Assault,5,5
34.023572,44.031361,Bombing/Explosion,0,4
34.881348,44.62513,Bombing/Explosion,0,4
34.881348,44.62513,Bombing/Explosion,2,4
33.37576,44.702866,Bombing/Explosion,1,4
33.057992,44.354838,Bombing/Explosion,0,4
33.548307,44.415735,Bombing/Explosion,2,4
15.325444,44.211895,Assassination,12,12
13.129727,45.385572,Armed Assault,2,4
13.3576,45.696479,Hostage Taking (Kidnapping),0,4
12.849085,45.037275,Armed Assault,0,4
14.54397,49.124579,Bombing/Explosion,3,4
14.54397,49.124579,Bombing/Explosion,1,4
13.129727,45.385572,Armed Assault,2,4
12.849085,45.037275,Bombing/Explosion,1,4
15.325444,44.211895,Assassination,1,4
14.754606,46.51627,Bombing/Explosion,0,4
13.148959,44.85055,Bombing/Explosion,7,7
15.840202,48.454379,Bombing/Explosion,3,4
34.621521,43.668375,Bombing/Explosion,13,13
13.887403,45.863649,Bombing/Explosion,3,4
33.100528,44.584493,Bombing/Explosion,3,4
33.540671,44.251268,Bombing/Explosion,2,4
33.540671,44.251268,Bombing/Explosion,2,4
33.540671,44.251268,Bombing/Explosion,2,4
33.540671,44.251268,Bombing/Explosion,2,4
33.303567,44.371771,Bombing/Explosion,2,4
32.533286,45.829453,Bombing/Explosion,6,6
33.571807,44.536067,Bombing/Explosion,1,4
34.274032,44.542537,Bombing/Explosion,1,4
33.743239,44.623824,Bombing/Explosion,0,4
33.303567,44.371771,Bombing/Explosion,2,4
36.354146,43.143571,Bombing/Explosion,1,4
35.993532,43.21973,Armed Assault,0,4
33.693946,45.067425,Bombing/Explosion,2,4
15.325444,44.211895,Bombing/Explosion,0,4
13.148959,44.85055,Armed Assault,2,4
13.206995,44.758297,Bombing/Explosion,0,4
14.54397,49.124579,Armed Assault,4,4
15.45639,45.324871,Hostage Taking (Kidnapping),3,4
15.325444,44.211895,Assassination,1,4
16.930414,49.365315,Armed Assault,0,4
14.75463,46.516262,Bombing/Explosion,0,4
15.325444,44.211895,Assassination,1,4
13.92892,46.079399,Bombing/Explosion,4,4
36.767596,3.7029,Armed Assault,2,4
13.3576,45.696479,Bombing/Explosion,22,22
13.148959,44.85055,Armed Assault,0,4
13.803955,44.777243,Armed Assault,1,4
14.719534,44.247902,Armed Assault,2,4
33.540671,44.251268,Bombing/Explosion,5,5
33.303567,44.371771,Bombing/Explosion,23,23
33.303567,44.371771,Bombing/Explosion,7,7
33.303567,44.371771,Bombing/Explosion,8,8
33.953165,44.921904,Unknown,1,4
33.953165,44.921904,Unknown,1,4
36.354146,43.143571,Armed Assault,3,4
36.354146,43.143571,Armed Assault,2,4
36.354146,43.143571,Bombing/Explosion,0,4
34.881348,44.62513,Bombing/Explosion,0,4
33.303567,44.371771,Bombing/Explosion,0,4
36.354146,43.143571,Bombing/Explosion,0,4
33.303567,44.371771,Bombing/Explosion,1,4
33.303567,44.371771,Bombing/Explosion,10,10
33.303567,44.371771,Bombing/Explosion,,4
33.303567,44.371771,Bombing/Explosion,,4
33.100528,44.584493,Bombing/Explosion,1,4
33.100528,44.584493,Bombing/Explosion,1,4
15.515888,45.449806,Bombing/Explosion,0,4
15.940011,48.789753,Armed Assault,1,4
17.489234,47.104438,Armed Assault,2,4
33.540671,44.251268,Bombing/Explosion,29,29
14.75463,46.516262,Bombing/Explosion,0,4
13.887403,45.863649,Bombing/Explosion,0,4
12.849085,45.037275,Bombing/Explosion,0,4
35.452112,44.375464,Bombing/Explosion,5,5
13.129727,45.385572,Bombing/Explosion,5,5
16,48.5,Bombing/Explosion,0,4
15.325444,44.211895,Bombing/Explosion,3,4
12.849085,45.037275,Bombing/Explosion,0,4
15.325444,44.211895,Assassination,2,4
16,48.5,Hostage Taking (Kidnapping),1,4
13.063399,44.880882,Assassination,0,4
13.063399,44.880882,Armed Assault,0,4
15.516118,45.459809,Assassination,8,8
14.75463,46.516262,Bombing/Explosion,0,4
15.325444,44.211895,Armed Assault,0,4
14.54397,49.124579,Assassination,1,4
33.303567,44.371771,Bombing/Explosion,0,4
16.04081,48.342746,Bombing/Explosion,0,4
15.19,46.733611,Bombing/Explosion,0,4
14.769764,49.374266,Armed Assault,1,4
15.325444,44.211895,Hostage Taking (Kidnapping),0,4
14.54397,49.124579,Armed Assault,1,4
32.777344,44.289352,Bombing/Explosion,3,4
32.777344,44.289352,Bombing/Explosion,2,4
32.777344,44.289352,Bombing/Explosion,2,4
32.469239,44.416638,Bombing/Explosion,2,4
33.303567,44.371771,Bombing/Explosion,5,5
32.982932,44.361597,Bombing/Explosion,0,4
32.469239,44.416638,Bombing/Explosion,1,4
33.743239,44.623824,Armed Assault,1,4
33.773349,45.14945,Bombing/Explosion,4,4
35.452112,44.375464,Bombing/Explosion,5,5
34.881348,44.62513,Bombing/Explosion,0,4
33.848619,44.522125,Bombing/Explosion,2,4
35.452112,44.375464,Bombing/Explosion,4,4
35.452112,44.375464,Armed Assault,2,4
33.303567,44.371771,Bombing/Explosion,0,4
33.693946,45.067425,Bombing/Explosion,0,4
34.208416,43.890713,Bombing/Explosion,1,4
36.354146,43.143571,Armed Assault,3,4
33.303567,44.371771,Armed Assault,0,4
14.798176,45.717361,Bombing/Explosion,0,4
16.930414,49.365315,Hostage Taking (Kidnapping),,4
14.536389,46.833056,Bombing/Explosion,0,4
14.062118,46.914975,Assassination,1,4
33.349159,43.784197,Bombing/Explosion,4,4
33.743239,44.623824,Bombing/Explosion,2,4
36.354146,43.143571,Armed Assault,1,4
33.349159,43.784197,Bombing/Explosion,0,4
14.550455,44.397706,Assassination,1,4
35.452112,44.375464,Bombing/Explosion,18,18
35.452112,44.375464,Bombing/Explosion,3,4
34.881348,44.62513,Bombing/Explosion,5,5
33.303567,44.371771,Armed Assault,3,4
33.325375,44.421896,Bombing/Explosion,2,4
33.325375,44.421896,Armed Assault,1,4
33.325375,44.421896,Bombing/Explosion,0,4
34.621521,43.668375,Bombing/Explosion,2,4
34.950795,43.494542,Bombing/Explosion,,4
34.621521,43.668375,Armed Assault,1,4
33.303567,44.371771,Bombing/Explosion,0,4
35.326122,43.78081,Bombing/Explosion,1,4
32.559835,41.919696,Bombing/Explosion,0,4
33.835628,44.247406,Bombing/Explosion,6,6
33.835628,44.247406,Bombing/Explosion,5,5
32.625335,44.025134,Bombing/Explosion,1,4
32.469239,44.416638,Bombing/Explosion,5,5
33.303567,44.371771,Bombing/Explosion,2,4
33.759156,45.155717,Bombing/Explosion,1,4
33.759156,45.155717,Bombing/Explosion,1,4
33.759156,45.155717,Bombing/Explosion,1,4
35.326122,43.78081,Bombing/Explosion,0,4
34.881348,44.62513,Armed Assault,3,4
36.340001,43.13,Armed Assault,3,4
33.303567,44.371771,Bombing/Explosion,2,4
32.604392,44.007145,Bombing/Explosion,,4
33.303567,44.371771,Armed Assault,0,4
34.881348,44.62513,Bombing/Explosion,43,43
13.985013,45.558478,Assassination,1,4
15.449888,45.018687,Bombing/Explosion,0,4
36.477758,3.756453,Armed Assault,2,4
14.413989,44.837419,Bombing/Explosion,7,7
14.413989,44.837419,Bombing/Explosion,6,6
14.413989,44.837419,Armed Assault,3,4
14.413989,44.837419,Bombing/Explosion,0,4
13.3576,45.696479,Bombing/Explosion,9,9
35.452112,44.375464,Bombing/Explosion,36,36
35.452112,44.375464,Armed Assault,4,4
33.540671,44.251268,Bombing/Explosion,5,5
12.849085,45.037275,Bombing/Explosion,0,4
35.43811,7.146648,Hijacking,,4
35.43811,7.146648,Bombing/Explosion,2,4
14.427033,46.150619,Bombing/Explosion,0,4
13.627303,46.059752,Bombing/Explosion,0,4
33.743239,44.623824,Assassination,1,4
13.219397,45.307839,Bombing/Explosion,0,4
14.716448,44.245849,Bombing/Explosion,0,4
36.376825,42.448876,Assassination,4,4
33.303567,44.371771,Bombing/Explosion,4,4
33.303567,44.371771,Bombing/Explosion,4,4
33.303567,44.371771,Bombing/Explosion,4,4
33.303567,44.371771,Bombing/Explosion,4,4
33.303567,44.371771,Bombing/Explosion,4,4
33.303567,44.371771,Bombing/Explosion,4,4
33.303567,44.371771,Bombing/Explosion,4,4
33.303567,44.371771,Bombing/Explosion,3,4
33.303567,44.371771,Bombing/Explosion,3,4
33.303567,44.371771,Bombing/Explosion,3,4
33.743239,44.623824,Bombing/Explosion,3,4
14.365944,45.450998,Assassination,2,4
33.573487,44.547426,Bombing/Explosion,4,4
15.449888,45.018687,Bombing/Explosion,0,4
33.303567,44.371771,Bombing/Explosion,10,10
33.303567,44.371771,Bombing/Explosion,9,9
31.989581,44.923774,Bombing/Explosion,5,5
36.354146,43.143571,Bombing/Explosion,6,6
33.036022,40.288159,Bombing/Explosion,57,57
13.887403,45.863649,Bombing/Explosion,13,13
13.887403,45.863649,Bombing/Explosion,13,13
13.887403,45.863649,Bombing/Explosion,1,4
13.634341,46.056321,Unknown,0,4
33.303567,44.371771,Bombing/Explosion,8,8
33.303567,44.371771,Bombing/Explosion,8,8
33.303567,44.371771,Bombing/Explosion,8,8
33.303567,44.371771,Bombing/Explosion,8,8
36.229574,42.236244,Assassination,2,4
34.533753,43.483738,Armed Assault,9,9
33.303567,44.371771,Bombing/Explosion,4,4
33.303567,44.371771,Bombing/Explosion,7,7
33.303567,44.371771,Bombing/Explosion,6,6
33.303567,44.371771,Bombing/Explosion,2,4
33.303567,44.371771,Bombing/Explosion,3,4
33.303567,44.371771,Bombing/Explosion,2,4
36.354146,43.143571,Bombing/Explosion,4,4
32.887157,44.341636,Bombing/Explosion,3,4
33.303567,44.371771,Bombing/Explosion,5,5
33.460821,44.157432,Bombing/Explosion,2,4
33.548307,44.415735,Bombing/Explosion,4,4
33.66969,44.381316,Bombing/Explosion,0,4
33.303567,44.371771,Bombing/Explosion,5,5
33.057992,44.354838,Bombing/Explosion,5,5
33.303567,44.371771,Bombing/Explosion,1,4
32.887157,44.341636,Bombing/Explosion,0,4
33.303567,44.371771,Bombing/Explosion,1,4
33.693946,45.067425,Bombing/Explosion,6,6
33.303567,44.371771,Bombing/Explosion,0,4
33.303567,44.371771,Bombing/Explosion,0,4
15.325444,44.211895,Bombing/Explosion,0,4
13.966953,44.002257,Bombing/Explosion,0,4
13.560833,46.156389,Armed Assault,,4
13.92892,46.079399,Hostage Taking (Kidnapping),,4
15.325444,44.211895,Armed Assault,0,4
13.560833,46.156389,Armed Assault,2,4
16.757752,-2.999362,Bombing/Explosion,1,4
16.757752,-2.999362,Bombing/Explosion,26,26
32.559761,41.919646,Hostage Taking (Kidnapping),3,4
36.053486,2.937574,Armed Assault,1,4
36.053486,2.937574,Bombing/Explosion,0,4
13.634341,46.056321,Bombing/Explosion,0,4
33.743239,44.623824,Bombing/Explosion,23,23
18.442702,1.411332,Bombing/Explosion,4,4
16.920195,49.370842,Armed Assault,1,4
13.063399,44.880882,Bombing/Explosion,0,4
14.54397,49.124579,Armed Assault,1,4
13.640649,46.057005,Armed Assault,2,4
32.838048,13.182591,Bombing/Explosion,0,4
14.43,44.84,Armed Assault,12,12
16.909684,49.403801,Bombing/Explosion,0,4
15.325444,44.211895,Hostage Taking (Kidnapping),0,4
14.54397,49.124579,Assassination,1,4
14.426534,44.84359,Armed Assault,5,5
13.985013,45.558478,Armed Assault,1,4
14.753635,46.515684,Bombing/Explosion,0,4
36.165874,1.332239,Bombing/Explosion,0,4
13.148959,44.85055,Armed Assault,3,4
13.148959,44.85055,Armed Assault,1,4
14.54397,49.124579,Assassination,1,4
14.324183,45.437298,Armed Assault,5,5
16.920195,49.360771,Bombing/Explosion,2,4
15.890018,48.430252,Assassination,1,4
13.586484,44.024105,Hostage Taking (Kidnapping),1,4
14.54397,49.124579,Bombing/Explosion,0,4
15.940011,48.789753,Assassination,1,4
13.980025,48.189154,Bombing/Explosion,1,4
13.980025,48.189154,Armed Assault,0,4
18.442702,1.411332,Bombing/Explosion,1,4
15.325444,44.211895,Hostage Taking (Kidnapping),0,4
14.54397,49.124579,Armed Assault,1,4
15.940011,48.789753,Assassination,1,4
36.534743,3.681965,Bombing/Explosion,2,4
13.148959,44.85055,Armed Assault,1,4
36.735554,3.971022,Bombing/Explosion,0,4
12.849085,45.037275,Assassination,1,4
15.325444,44.211895,Hostage Taking (Kidnapping),0,4
15.325444,44.211895,Assassination,0,4
,,Hostage Taking (Kidnapping),1,4
12.849085,45.037275,Armed Assault,1,4
15.325444,44.211895,Armed Assault,1,4
14.370834,45.452757,Armed Assault,1,4
15.517205,45.460567,Bombing/Explosion,0,4
13.518333,44.866111,Armed Assault,4,4
13.634341,46.056321,Bombing/Explosion,4,4
14.753635,46.515255,Armed Assault,5,5
12.849085,45.037275,Assassination,2,4
15.914915,48.650744,Bombing/Explosion,3,4
15.325444,44.211895,Assassination,1,4
15.325444,44.211895,Bombing/Explosion,6,6
13.634341,46.056321,Bombing/Explosion,0,4
13.148959,44.85055,Assassination,1,4
13.634341,46.056321,Armed Assault,0,4
13.340718,45.297109,Armed Assault,3,4
13.861944,45.201389,Armed Assault,5,5
13.063399,44.880882,Armed Assault,1,4
15.840202,48.454379,Armed Assault,1,4
13.586484,44.024105,Assassination,1,4
15.325444,44.211895,Bombing/Explosion,0,4
15.325444,44.211895,Bombing/Explosion,0,4
12.836719,44.922063,Bombing/Explosion,0,4
13.887403,45.863649,Bombing/Explosion,0,4
13.634341,46.056321,Assassination,2,4
15.940011,48.789753,Bombing/Explosion,0,4
15.840202,48.454379,Armed Assault,2,4
13.148959,44.85055,Armed Assault,0,4
15.325444,44.211895,Hostage Taking (Kidnapping),1,4
14.326655,47.447214,Bombing/Explosion,39,39
14.279772,47.575337,Hostage Taking (Kidnapping),8,8
14.326655,47.447214,Bombing/Explosion,11,11
14.05,47.9,Bombing/Explosion,1,4
15.51204,45.449935,Armed Assault,8,8
15.325444,44.211895,Assassination,1,4
15.325444,44.211895,Assassination,1,4
14.536389,46.833056,Assassination,2,4
15.942513,48.782017,Assassination,1,4
16.757752,-2.999362,Bombing/Explosion,4,4
13.586484,44.024105,Armed Assault,1,4
14.54397,49.124579,Hostage Taking (Barricade Incident),5,5
14.09998,48.717017,Armed Assault,4,4
15.325444,44.211895,Hostage Taking (Kidnapping),1,4
15.325444,44.211895,Hostage Taking (Kidnapping),0,4
14.413989,44.837419,Hostage Taking (Kidnapping),4,4
24.891116,67.143312,Armed Assault,2,4
14.54397,49.124579,Assassination,1,4
13.148959,44.85055,Bombing/Explosion,1,4
13.063399,44.880882,Armed Assault,3,4
14.769764,49.374266,Armed Assault,1,4
13.634345,46.057038,Armed Assault,1,4
13.96294,45.465015,Unknown,0,4
14.360191,45.444517,Unknown,8,8
14.413989,44.837419,Unknown,0,4
13.634341,46.056321,Armed Assault,,4
13.51633,46.711048,Bombing/Explosion,8,8
14.769764,49.374266,Assassination,2,4
16.909684,49.403801,Bombing/Explosion,0,4
14.536555,46.833254,Unknown,0,4
15.325444,44.211895,Assassination,1,4
12.849085,45.037275,Armed Assault,0,4
13.51633,46.711048,Armed Assault,3,4
18.442702,1.411332,Hostage Taking (Kidnapping),2,4
13.850725,46.201563,Armed Assault,4,4
12.849085,45.037275,Bombing/Explosion,0,4
14.268147,46.909001,Bombing/Explosion,0,4
13.850969,46.203859,Armed Assault,,4
13.980025,48.189154,Armed Assault,8,8
15.325444,44.211895,Bombing/Explosion,0,4
15.941039,48.780092,Armed Assault,4,4
15.325444,44.211895,Armed Assault,1,4
15.940011,48.789753,Armed Assault,9,9
14.794989,44.294665,Hostage Taking (Kidnapping),0,4
15.325444,44.211895,Bombing/Explosion,68,68
13.586484,44.024105,Armed Assault,1,4
14.358866,45.449806,Assassination,1,4
15.1703,46.0274,Bombing/Explosion,0,4
16.930414,49.365315,Armed Assault,2,4
14.358866,45.449806,Assassination,1,4
15.325444,44.211895,Unknown,1,4
16.914939,49.366207,Armed Assault,4,4
14.358866,45.449806,Assassination,1,4
12.849085,45.037275,Bombing/Explosion,1,4
12.849085,45.037275,Bombing/Explosion,0,4
12.849085,45.037275,Bombing/Explosion,0,4
12.849085,45.037275,Assassination,1,4
14.762731,49.605729,Armed Assault,4,4
17.088291,49.403801,Assassination,1,4
14.413989,44.837419,Hostage Taking (Kidnapping),4,4
14.413989,44.837419,Bombing/Explosion,1,4
14.33094,44.887487,Armed Assault,8,8
15.11806,48.33139,Assassination,1,4
15.325444,44.211895,Hostage Taking (Kidnapping),0,4
13.990227,48.18108,Armed Assault,4,4
12.849085,45.037275,Assassination,1,4
32.838048,13.182591,Armed Assault,0,4
15.325444,44.211895,Assassination,1,4
15.325444,44.211895,Bombing/Explosion,13,13
12.849085,45.037275,Armed Assault,0,4
16.930414,49.365315,Hostage Taking (Kidnapping),0,4
15.325444,44.211895,Bombing/Explosion,2,4
14.769764,49.374266,Armed Assault,1,4
13.647127,46.099982,Armed Assault,0,4
14.536231,46.834175,Assassination,1,4
14.325599,45.430784,Armed Assault,2,4
14.745667,46.55139,Bombing/Explosion,0,4
14.769764,49.374266,Bombing/Explosion,1,4
14.263454,47.575022,Armed Assault,3,4
14.751362,45.688132,Armed Assault,3,4
13.883333,45.866667,Unknown,4,4
13.990227,48.18108,Assassination,2,4
15.325444,44.211895,Assassination,1,4
14.762731,49.605729,Hostage Taking (Kidnapping),1,4
13.887403,45.863649,Bombing/Explosion,6,6
13.519842,46.714822,Armed Assault,0,4
16.627672,47.164875,Hijacking,0,4
13.752071,46.519192,Bombing/Explosion,0,4
13.990227,48.18108,Unknown,0,4
16.821774,49.425954,Bombing/Explosion,2,4
18.442702,1.411332,Bombing/Explosion,0,4
13.05966,44.88462,Bombing/Explosion,2,4
14.52073,49.15211,Armed Assault,4,4
14.881758,49.146743,Bombing/Explosion,21,21
15.325444,44.211895,Hostage Taking (Kidnapping),0,4
12.86714,44.983957,Bombing/Explosion,0,4
13.519842,46.714822,Unknown,3,4
13.129727,45.385572,Armed Assault,2,4
14.536389,46.833056,Hostage Taking (Kidnapping),,4
14.000416,43.467974,Bombing/Explosion,4,4
12.849085,45.037275,Bombing/Explosion,11,11
15.338147,48.454428,Bombing/Explosion,8,8
18.442702,1.411332,Bombing/Explosion,0,4
18.442702,1.411332,Bombing/Explosion,0,4
14.362981,48.982171,Hostage Taking (Kidnapping),5,5
14.54397,49.124579,Facility/Infrastructure Attack,0,4
14.061389,45.490833,Armed Assault,1,4
16.05,49,Hostage Taking (Kidnapping),1,4
20.252065,0.981526,Bombing/Explosion,0,4
16.050223,49.000389,Armed Assault,1,4
15.325444,44.211895,Armed Assault,1,4
13.985013,45.558478,Armed Assault,1,4
15.940011,48.789753,Armed Assault,1,4
15.325444,44.211895,Bombing/Explosion,0,4
36.518291,4.239624,Armed Assault,11,11
15.448232,44.219215,Armed Assault,1,4
15.325444,44.211895,Armed Assault,2,4
15.325444,44.211895,Assassination,0,4
15.325444,44.211895,Assassination,2,4
15.177421,44.184207,Assassination,2,4
15.914915,48.650744,Armed Assault,2,4
15.325444,44.211895,Hostage Taking (Kidnapping),2,4
15.325444,44.211895,Hostage Taking (Kidnapping),0,4
14.33,46.872778,Hostage Taking (Kidnapping),12,12
13.970996,46.456956,Bombing/Explosion,,4
14.324062,45.498185,Assassination,10,10
14.326655,47.447214,Unknown,8,8
12.86714,44.983957,Assassination,1,4
18.442702,1.411332,Armed Assault,1,4
14.54397,49.124579,Bombing/Explosion,1,4
14.665977,47.143753,Bombing/Explosion,,4
14.881843,46.749953,Unknown,0,4
14.881843,46.749953,Unknown,0,4
14.881843,46.749953,Unknown,0,4
13.985013,45.558478,Bombing/Explosion,0,4
15.325444,44.211895,Armed Assault,1,4
15.325444,44.211895,Armed Assault,1,4
15.325444,44.211895,Bombing/Explosion,0,4
13.148959,44.85055,Armed Assault,3,4
14.881843,46.749953,Unknown,0,4
15.325444,44.211895,Hostage Taking (Kidnapping),8,8
14.060864,46.915799,Assassination,,4
15.325444,44.211895,Bombing/Explosion,0,4
14.279772,47.575337,Bombing/Explosion,1,4
14.105556,45.448056,Bombing/Explosion,6,6
12.849085,45.037275,Bombing/Explosion,0,4
14.75463,46.516262,Hostage Taking (Kidnapping),,4
15.325444,44.211895,Armed Assault,4,4
14.533333,49.133333,Bombing/Explosion,12,12
14.75463,46.516262,Armed Assault,1,4
13.985013,45.558478,Armed Assault,3,4
14.326655,47.447214,Armed Assault,10,10
14.794084,46.517783,Armed Assault,8,8
15.25,46.95,Armed Assault,7,7
14.762731,49.605729,Armed Assault,2,4
14.413989,44.837419,Assassination,1,4
14.483333,46.416667,Armed Assault,4,4
14.708049,46.384954,Bombing/Explosion,4,4
16.033225,44.766555,Bombing/Explosion,4,4
14.483333,46.416667,Bombing/Explosion,5,5
15.940011,48.789753,Bombing/Explosion,3,4
15.940011,48.789753,Bombing/Explosion,3,4
15.940011,48.789753,Bombing/Explosion,3,4
15.940011,48.789753,Bombing/Explosion,3,4
15.940011,48.789753,Bombing/Explosion,3,4
15.940011,48.789753,Bombing/Explosion,3,4
15.940011,48.789753,Bombing/Explosion,3,4
15.940011,48.789753,Bombing/Explosion,4,4
14.54397,49.124579,Armed Assault,2,4
14.756594,45.731583,Bombing/Explosion,0,4
35.166361,8.833522,Armed Assault,4,4
14.533328,49.133252,Armed Assault,2,4
13.04967,44.883064,Assassination,1,4
14.800556,45.718889,Armed Assault,11,11
15.840202,48.454379,Armed Assault,2,4
13.969167,43.996667,Unknown,1,4
14.550006,44.401665,Hostage Taking (Kidnapping),,4
13.063399,44.880882,Bombing/Explosion,1,4
15.515888,45.449806,Bombing/Explosion,0,4
15.46591,45.293941,Bombing/Explosion,0,4
15.46591,45.293941,Bombing/Explosion,0,4
15.46591,45.293941,Bombing/Explosion,0,4
14.536183,46.833056,Bombing/Explosion,0,4
14.062312,46.918716,Bombing/Explosion,6,6
13.88331,45.866682,Assassination,0,4
12.86714,44.983957,Armed Assault,8,8
15.325444,44.211895,Assassination,1,4
14.227044,44.585492,Hijacking,,4
15.325444,44.211895,Assassination,1,4
14.762731,49.605729,Armed Assault,1,4
14.762731,49.605729,Armed Assault,1,4
36.856394,6.051944,Bombing/Explosion,1,4
14.533289,49.133343,Assassination,1,4
15.325444,44.211895,Assassination,1,4
15.964205,48.78252,Bombing/Explosion,3,4
15.964205,48.78252,Hostage Taking (Kidnapping),9,9
15.964205,48.78252,Bombing/Explosion,0,4
15.964205,48.78252,Armed Assault,9,9
15.840202,48.454379,Armed Assault,5,5
16.416545,-3.666615,Bombing/Explosion,1,4
14.358866,45.449806,Armed Assault,2,4
13.586484,44.024105,Assassination,1,4
16.934858,47.015416,Armed Assault,1,4
14.358866,45.449806,Armed Assault,2,4
15.940011,48.789753,Armed Assault,0,4
17.057837,47.090457,Armed Assault,6,6
17.489234,47.104438,Bombing/Explosion,3,4
16.139008,47.831483,Armed Assault,1,4
14.061524,46.914952,Armed Assault,6,6
14.062118,46.914975,Armed Assault,2,4
14.413989,44.837419,Armed Assault,1,4
13.933333,46.083333,Unknown,0,4
14.762731,49.605729,Assassination,1,4
16.051672,49.002955,Armed Assault,1,4
35.924803,6.695967,Bombing/Explosion,7,7
14.283402,48.433456,Armed Assault,1,4
15.840202,48.454379,Unknown,1,4
14.327778,44.906407,Armed Assault,2,4
14.223866,47.082782,Armed Assault,3,4
32.838048,13.182591,Hostage Taking (Kidnapping),,4
15.031944,45.828056,Bombing/Explosion,0,4
13.063399,44.880882,Assassination,1,4
16.050214,49.000045,Hostage Taking (Kidnapping),,4
14.012778,45.566111,Armed Assault,4,4
14.062118,46.914975,Bombing/Explosion,4,4
14.062118,46.914975,Bombing/Explosion,4,4
14.062118,46.914975,Bombing/Explosion,4,4
13.702912,44.742819,Assassination,0,4
13.882908,45.86904,Assassination,1,4
14.538259,46.828594,Armed Assault,4,4
13.063399,44.880882,Unknown,0,4
15.840202,48.454379,Armed Assault,6,6
15.914915,48.650744,Assassination,0,4
14.354522,47.075779,Armed Assault,5,5
14.413875,44.835632,Armed Assault,3,4
15.966742,48.783333,Armed Assault,20,20
15.966742,48.783333,Armed Assault,7,7
15.840202,48.454379,Armed Assault,7,7
15.839565,48.455301,Bombing/Explosion,0,4
15.839565,48.455301,Bombing/Explosion,0,4
15.966742,48.783333,Hostage Taking (Kidnapping),14,14
13.139245,44.920768,Bombing/Explosion,0,4
13.139245,44.920768,Armed Assault,0,4
13.139245,44.920768,Armed Assault,0,4
13.139245,44.920768,Armed Assault,0,4
13.063399,44.880882,Armed Assault,1,4
13.055403,44.862393,Bombing/Explosion,8,8
14.54397,49.124579,Facility/Infrastructure Attack,0,4
16.764902,49.255337,Unknown,1,4
13.55139,46.968449,Unknown,0,4
14.54397,49.124579,Bombing/Explosion,3,4
14.54397,49.124579,Bombing/Explosion,2,4
16.835608,-2.524205,Bombing/Explosion,3,4
32.838048,13.182591,Bombing/Explosion,,4
32.838048,13.182591,Bombing/Explosion,1,4
13.629832,46.050444,Armed Assault,3,4
14.244081,45.489462,Armed Assault,2,4
15.9486,48.750902,Bombing/Explosion,3,4
12.86714,44.983957,Assassination,1,4
14.550455,44.397706,Assassination,0,4
14.550455,44.397706,Assassination,1,4
14.54397,49.124579,Bombing/Explosion,0,4
13.139245,44.920768,Armed Assault,1,4
15.914915,48.650744,Unknown,3,4
15.840202,48.454379,Bombing/Explosion,15,15
14.739842,46.517463,Bombing/Explosion,4,4
14.326655,47.447214,Bombing/Explosion,6,6
14.326655,47.447214,Armed Assault,2,4
19.464848,0.856393,Bombing/Explosion,0,4
19.464848,0.856393,Bombing/Explosion,0,4
15.840202,48.454379,Hostage Taking (Kidnapping),3,4
13.985013,45.558478,Armed Assault,2,4
15.840202,48.454379,Bombing/Explosion,9,9
13.063399,44.880882,Assassination,0,4
13.063399,44.880882,Assassination,1,4
13.063399,44.880882,Assassination,1,4
14.54397,49.124579,Armed Assault,1,4
14.781294,42.972851,Assassination,1,4
19.80387,1.141119,Bombing/Explosion,2,4
15.78285,-4.700215,Hostage Taking (Kidnapping),1,4
24.891116,67.143312,Armed Assault,1,4
14.080272,44.685976,Assassination,1,4
14.087952,44.672423,Assassination,5,5
16.950972,43.748249,Unknown,4,4
14.264205,47.584663,Unknown,2,4
15.325444,44.211895,Bombing/Explosion,0,4
15.8275,44.793889,Bombing/Explosion,16,16
15.325444,44.211895,Bombing/Explosion,0,4
14.299835,45.219672,Hostage Taking (Kidnapping),0,4
13.634341,46.056321,Unknown,0,4
15.617298,46.011052,Unknown,0,4
13.985013,45.558478,Bombing/Explosion,10,10
13.985013,45.558478,Armed Assault,6,6
13.985013,45.558478,Armed Assault,6,6
13.985013,45.558478,Unknown,6,6
13.985013,45.558478,Unknown,5,5
16.133333,47.233333,Bombing/Explosion,13,13
14.54397,49.124579,Bombing/Explosion,21,21
15.325444,44.211895,Bombing/Explosion,46,46
15.914915,48.650744,Bombing/Explosion,2,4
14.762731,49.605729,Armed Assault,1,4
15.325444,44.211895,Assassination,1,4
14.358866,45.449806,Bombing/Explosion,0,4
14.358866,45.449806,Bombing/Explosion,0,4
14.358866,45.449806,Bombing/Explosion,0,4
14.358866,45.449806,Bombing/Explosion,0,4
13.966953,44.002257,Bombing/Explosion,0,4
13.966953,44.002257,Armed Assault,2,4
13.966953,44.002257,Facility/Infrastructure Attack,2,4
13.966953,44.002257,Facility/Infrastructure Attack,1,4
13.521941,46.711571,Bombing/Explosion,3,4
13.063399,44.880882,Assassination,4,4
14.413989,44.837419,Hostage Taking (Kidnapping),11,11
16.930413,49.365316,Unknown,0,4
13.966953,44.002257,Unknown,1,4
13.966953,44.002257,Armed Assault,0,4
13.949126,43.991414,Armed Assault,2,4
14.75463,46.516262,Bombing/Explosion,3,4
14.722234,47.042761,Unknown,0,4
15.156833,45.925386,Unknown,0,4
13.133196,44.839911,Armed Assault,1,4
14.062118,46.914975,Armed Assault,1,4
14.030833,43.627778,Hostage Taking (Kidnapping),16,16
15.325444,44.211895,Bombing/Explosion,0,4
14.383333,43.666667,Unknown,0,4
15.840556,48.455556,Bombing/Explosion,3,4
13.148959,44.850549,Hostage Taking (Kidnapping),0,4
14.326655,47.447214,Armed Assault,5,5
15.931111,48.748056,Bombing/Explosion,3,4
14.061619,46.914966,Bombing/Explosion,4,4
14.061619,46.914966,Bombing/Explosion,0,4
14.088611,45.425833,Hostage Taking (Kidnapping),0,4
15.325444,44.211895,Assassination,4,4
13.586484,44.024105,Armed Assault,1,4
15.504667,45.460956,Unknown,2,4
13.063399,44.880882,Armed Assault,1,4
14.762731,49.605729,Armed Assault,2,4
15.325444,44.211895,Bombing/Explosion,0,4
15.325444,44.211895,Bombing/Explosion,0,4
15.325444,44.211895,Bombing/Explosion,0,4
15.325444,44.211895,Bombing/Explosion,0,4
15.325444,44.211895,Bombing/Explosion,0,4
15.325444,44.211895,Bombing/Explosion,0,4
15.940011,48.789753,Bombing/Explosion,7,7
13.05,44.883333,Bombing/Explosion,0,4
15.85,46.083333,Unknown,,4
15.504667,45.460956,Assassination,3,4
14.413989,44.837419,Bombing/Explosion,11,11
14.413989,44.837419,Bombing/Explosion,16,16
15.940011,48.789753,Bombing/Explosion,3,4
14.781294,42.972851,Bombing/Explosion,5,5
14.781294,42.972851,Bombing/Explosion,4,4
15.940011,48.789753,Bombing/Explosion,3,4
13.96452,44.174958,Assassination,1,4
13.966667,44.166667,Assassination,0,4
15.325444,44.211895,Bombing/Explosion,0,4
15.325444,44.211895,Bombing/Explosion,0,4
15.325444,44.211895,Bombing/Explosion,0,4
15.325444,44.211895,Bombing/Explosion,1,4
15.325444,44.211895,Bombing/Explosion,0,4
15.840202,48.454379,Bombing/Explosion,2,4
12.849085,45.037275,Assassination,1,4
13.985013,45.558478,Assassination,1,4
15.840202,48.454379,Assassination,0,4
15.452762,45.31698,Bombing/Explosion,2,4
13.967151,44.165426,Bombing/Explosion,50,50
14.762731,49.605729,Armed Assault,1,4
14.762731,49.605729,Armed Assault,0,4
15.914915,48.650744,Bombing/Explosion,4,4
13.129727,45.385572,Assassination,0,4
13.063399,44.880882,Armed Assault,0,4
14.33,46.872778,Armed Assault,1,4
15.921257,48.636382,Bombing/Explosion,0,4
15.944438,48.788861,Armed Assault,1,4
14.550455,44.397706,Bombing/Explosion,4,4
14.536129,46.833235,Assassination,1,4
14.769764,49.374266,Armed Assault,0,4
15.279024,-5.551389,Armed Assault,11,11
15.325444,44.211895,Assassination,0,4
14.0475,45.381111,Assassination,5,5
48.856642,2.34233,Hostage Taking (Barricade Incident),12,12
15.325444,44.211895,Bombing/Explosion,38,38
14.54397,49.124579,Bombing/Explosion,0,4
24.891116,67.143312,Bombing/Explosion,0,4
15.325444,44.211895,Assassination,2,4
15.940011,48.789753,Bombing/Explosion,0,4
13.978889,44.1525,Assassination,1,4
14.794989,44.294665,Assassination,1,4
13.762068,44.140318,Bombing/Explosion,,4
15.841379,48.45814,Assassination,5,5
14.061641,46.914921,Armed Assault,3,4
13.3576,45.696479,Unknown,1,4
14.54397,49.124579,Bombing/Explosion,1,4
14.413989,44.837419,Assassination,7,7
13.063399,44.880882,Bombing/Explosion,0,4
13.063399,44.880882,Armed Assault,1,4
15.450333,45.019821,Facility/Infrastructure Attack,0,4
13.634342,46.056321,Armed Assault,0,4
13.985013,45.558478,Unknown,2,4
13.985013,45.558478,Unknown,0,4
13.985013,45.558478,Assassination,0,4
13.985013,45.558478,Unknown,5,5
15.840202,48.454379,Bombing/Explosion,0,4
13.966641,44.166748,Assassination,1,4
14.326655,47.447214,Unknown,2,4
14.299835,45.219672,Bombing/Explosion,6,6
16.909167,43.262222,Assassination,0,4
15.325444,44.211895,Bombing/Explosion,0,4
15.914915,48.650744,Bombing/Explosion,0,4
14.797532,45.719031,Hostage Taking (Barricade Incident),8,8
15.940011,48.789753,Bombing/Explosion,0,4
13.063399,44.880882,Assassination,1,4
15.914915,48.650744,Bombing/Explosion,0,4
15.940011,48.789753,Bombing/Explosion,0,4
16.133333,47.233333,Armed Assault,0,4
13.063399,44.880882,Armed Assault,2,4
15.940011,48.789753,Bombing/Explosion,0,4
14.54397,49.124579,Assassination,2,4
12.849085,45.037275,Assassination,1,4
15.916585,48.73332,Assassination,0,4
13.985013,45.558478,Bombing/Explosion,0,4
13.063399,44.880882,Assassination,1,4
12.849085,45.037275,Armed Assault,1,4
13.063399,44.880882,Armed Assault,4,4
13.063399,44.880882,Unknown,0,4
15.840202,48.454379,Bombing/Explosion,3,4
13.978683,45.429204,Bombing/Explosion,8,8
13.978683,45.429204,Bombing/Explosion,9,9
14.54397,49.124579,Bombing/Explosion,0,4
18.442702,1.411332,Bombing/Explosion,3,4
15.45639,45.324871,Armed Assault,9,9
13.985013,45.558478,Bombing/Explosion,2,4
14.062118,46.914975,Armed Assault,4,4
14.062118,46.914975,Unknown,0,4
15.959517,48.331755,Armed Assault,1,4
12.849085,45.037275,Assassination,1,4
12.849085,45.037275,Bombing/Explosion,0,4
13.985013,45.558478,Assassination,1,4
13.883654,45.866632,Bombing/Explosion,0,4
13.970702,44.169548,Bombing/Explosion,0,4
15.325444,44.211895,Assassination,1,4
14.413989,44.837419,Assassination,1,4
14.413989,44.837419,Unknown,,4
15.99449,48.847664,Unknown,1,4
12.849085,45.037275,Unknown,0,4
12.849085,45.037275,Unknown,0,4
14.54397,49.124579,Armed Assault,7,7
14.54397,49.124579,Unknown,5,5
14.54397,49.124579,Unknown,0,4
14.54397,49.124579,Unknown,0,4
14.54397,49.124579,Unknown,0,4
14.54397,49.124579,Facility/Infrastructure Attack,0,4
15.840202,48.454379,Bombing/Explosion,0,4
14.54397,49.124579,Armed Assault,1,4
16.88653,48.019128,Unknown,2,4
14.54397,49.124579,Unknown,0,4
13.962564,45.467466,Bombing/Explosion,15,15
13.887403,45.863649,Armed Assault,8,8
14.121175,44.421129,Unknown,0,4
14.474748,49.034291,Hostage Taking (Kidnapping),,4
13.063399,44.880882,Bombing/Explosion,15,15
15.305307,43.01949,Armed Assault,1,4
13.634341,46.056321,Bombing/Explosion,1,4
12.849085,45.037275,Bombing/Explosion,20,20
14.54397,49.124579,Hostage Taking (Kidnapping),,4
15.325444,44.211895,Armed Assault,1,4
14.54397,49.124579,Hostage Taking (Barricade Incident),0,4
14.801955,42.951214,Armed Assault,1,4
35.628774,5.909275,Armed Assault,4,4
24.897778,91.871389,Assassination,1,4
14.54397,49.124579,Hostage Taking (Kidnapping),,4
16.835608,-2.524205,Bombing/Explosion,0,4
18.865124,-2.955818,Bombing/Explosion,0,4
13.3576,45.696479,Bombing/Explosion,12,12
13.3576,45.696479,Bombing/Explosion,8,8
16.277076,-0.04655,Bombing/Explosion,0,4
35.561022,6.173912,Assassination,1,4
13.3576,45.696479,Bombing/Explosion,15,15
14.515319,44.852594,Bombing/Explosion,25,25
14.54397,49.124579,Hostage Taking (Kidnapping),2,4
15.503955,45.409098,Armed Assault,0,4
13.148959,44.85055,Bombing/Explosion,,4
16.934858,47.015416,Unknown,0,4
13.586484,44.024105,Unknown,0,4
16.417521,-3.665071,Armed Assault,6,6
36.381655,3.893216,Armed Assault,0,4
36.072919,1.988153,Bombing/Explosion,10,10
35.504722,6.077778,Unknown,0,4
16.930414,49.365314,Bombing/Explosion,8,8
14.54397,49.124579,Hostage Taking (Kidnapping),0,4
13.985013,45.558478,Bombing/Explosion,1,4
15.279024,-5.551389,Bombing/Explosion,2,4
16.878179,-1.921038,Armed Assault,11,11
13.057842,44.883283,Bombing/Explosion,0,4
12.834629,44.921983,Facility/Infrastructure Attack,0,4
23.791275,90.418202,Assassination,1,4
12.849085,45.037275,Assassination,0,4
12.849085,45.037275,Assassination,4,4
12.849085,45.037275,Bombing/Explosion,0,4
14.54397,49.124579,Bombing/Explosion,0,4
14.54397,49.124579,Bombing/Explosion,0,4
12.849085,45.037275,Hostage Taking (Kidnapping),1,4
14.356796,45.022288,Unknown,0,4
12.86714,44.983957,Assassination,1,4
12.849085,45.037275,Assassination,1,4
12.849085,45.037275,Armed Assault,1,4
14.158611,45.472778,Bombing/Explosion,9,9
13.972093,44.162534,Bombing/Explosion,0,4
14.54397,49.124579,Hostage Taking (Kidnapping),,4
13.129727,45.385572,Unknown,0,4
14.781294,42.972851,Bombing/Explosion,12,12
16.930414,49.365315,Armed Assault,3,4
14.54397,49.124579,Armed Assault,0,4
12.849085,45.037275,Hostage Taking (Kidnapping),0,4
12.849085,45.037275,Armed Assault,0,4
23.791275,90.418202,Assassination,1,4
23.791275,90.418202,Assassination,0,4
16.906525,1.521423,Hostage Taking (Barricade Incident),0,4
18.439023,1.408364,Hostage Taking (Barricade Incident),0,4
13.219397,45.307839,Hostage Taking (Kidnapping),12,12
13.129727,45.385572,Unknown,,4
12.86714,44.983957,Assassination,4,4
12.849085,45.037275,Assassination,1,4
14.54397,49.124579,Hostage Taking (Kidnapping),0,4
15.771811,48.313383,Unknown,0,4
12.86714,44.983957,Assassination,1,4
15.515888,45.449807,Facility/Infrastructure Attack,0,4
13.659076,46.030868,Armed Assault,3,4
12.849085,45.037275,Assassination,1,4
14.54397,49.124579,Hostage Taking (Kidnapping),1,4
12.828622,44.796322,Armed Assault,0,4
16.757752,-2.999362,Hostage Taking (Kidnapping),,4
15.723243,42.997228,Armed Assault,0,4
24.891116,67.143312,Bombing/Explosion,1,4
12.37368,-1.53698,Hostage Taking (Barricade Incident),13,13
12.37368,-1.53698,Bombing/Explosion,10,10
14.093442,-1.634078,Hostage Taking (Kidnapping),,4
12.37368,-1.53698,Armed Assault,11,11
12.849085,45.037275,Assassination,7,7
12.86714,44.983957,Assassination,1,4
16.930414,49.365315,Bombing/Explosion,4,4
14.35652,45.430313,Bombing/Explosion,4,4
13.063399,44.880882,Bombing/Explosion,0,4
13.063399,44.880882,Bombing/Explosion,0,4
14.54397,49.124579,Hostage Taking (Kidnapping),1,4
16.757752,-2.999362,Bombing/Explosion,0,4
16.712845,-2.980674,Armed Assault,0,4
13.129727,45.385572,Bombing/Explosion,0,4
13.3576,45.696479,Bombing/Explosion,0,4
24.891116,67.143312,Bombing/Explosion,0,4
12.849085,45.037275,Assassination,3,4
16.636488,-3.300286,Armed Assault,3,4
12.914286,45.010881,Armed Assault,5,5
13.063399,44.880882,Bombing/Explosion,3,4
12.86714,44.983957,Assassination,4,4
15.927823,48.605691,Armed Assault,0,4
13.520237,46.712001,Hostage Taking (Kidnapping),3,4
12.86714,44.983957,Assassination,2,4
14.54397,49.124579,Hostage Taking (Kidnapping),,4
13.063399,44.880882,Bombing/Explosion,0,4
13.063399,44.880882,Bombing/Explosion,0,4
14.54397,49.124579,Hostage Taking (Kidnapping),,4
12.86714,44.983957,Bombing/Explosion,5,5
12.86714,44.983957,Assassination,2,4
13.119546,45.350285,Hostage Taking (Kidnapping),,4
12.86714,44.983957,Armed Assault,17,17
5.19519,-3.738486,Armed Assault,22,22
24.891116,67.143312,Bombing/Explosion,0,4
24.891116,67.143312,Bombing/Explosion,0,4
14.613328,0.272783,Armed Assault,3,4
16.902582,49.36381,Hostage Taking (Kidnapping),3,4
29.088528,2.212674,Bombing/Explosion,0,4
13.063399,44.880882,Bombing/Explosion,0,4
12.634799,-8.021373,Armed Assault,1,4
23.791275,90.418202,Armed Assault,1,4
13.52192,46.711593,Hostage Taking (Kidnapping),19,19
13.129727,45.385572,Bombing/Explosion,7,7
23.791275,90.418202,Assassination,2,4
13.063399,44.880882,Armed Assault,0,4
14.451214,48.214763,Unknown,,4
16.888231,49.074737,Unknown,,4
12.849085,45.037275,Assassination,1,4
12.86714,44.983957,Assassination,4,4
16.902568,49.328913,Assassination,9,9
14.4277,46.15147,Assassination,1,4
16.89297,1.525814,Bombing/Explosion,1,4
16.89297,1.525814,Bombing/Explosion,1,4
14.54397,49.124579,Bombing/Explosion,0,4
24.891116,67.143312,Hostage Taking (Kidnapping),0,4
13.219397,45.307839,Armed Assault,0,4
13.063399,44.880882,Unknown,1,4
13.532532,44.849667,Assassination,0,4
15.914431,2.397368,Armed Assault,2,4
12.832581,45.027071,Bombing/Explosion,16,16
14.450813,-2.244085,Unknown,2,4
12.849085,45.037275,Assassination,1,4
14.54397,49.124579,Bombing/Explosion,4,4
14.54397,49.124579,Bombing/Explosion,3,4
13.129727,45.385572,Assassination,1,4
14.326655,47.447214,Hostage Taking (Kidnapping),3,4
12.99372,44.919444,Unknown,0,4
12.86714,44.983957,Assassination,0,4
13.586484,44.024105,Bombing/Explosion,0,4
16.757752,-2.999362,Assassination,1,4
14.54397,49.124579,Bombing/Explosion,0,4
13.475898,45.005579,Bombing/Explosion,7,7
12.849085,45.037275,Bombing/Explosion,0,4
12.849085,45.037275,Bombing/Explosion,0,4
13.800991,45.88572,Assassination,1,4
13.834537,45.244948,Bombing/Explosion,11,11
13.3576,45.696479,Bombing/Explosion,4,4
13.801155,45.88591,Bombing/Explosion,4,4
14.061665,46.914907,Unknown,,4
13.770527,46.010264,Bombing/Explosion,7,7
13.129727,45.385572,Bombing/Explosion,,4
14.931029,45.503647,Unknown,1,4
13.79912,45.8848,Armed Assault,2,4
12.86714,44.983957,Armed Assault,2,4
13.634341,46.056321,Bombing/Explosion,0,4
13.634341,46.056321,Bombing/Explosion,0,4
24.962055,10.176237,Hostage Taking (Kidnapping),0,4
13.063399,44.880882,Unknown,1,4
14.920519,47.035604,Bombing/Explosion,0,4
16.757752,-2.999362,Armed Assault,2,4
12.86714,44.983957,Armed Assault,1,4
14.54397,49.124579,Bombing/Explosion,0,4
13.129727,45.385572,Armed Assault,5,5
13.879274,45.869519,Unknown,,4
13.634341,46.056321,Hostage Taking (Kidnapping),1,4
13.879274,45.869519,Bombing/Explosion,0,4
14.54397,49.124579,Bombing/Explosion,4,4
14.360278,47.341944,Bombing/Explosion,2,4
13.79985,45.886147,Bombing/Explosion,1,4
13.819448,45.936384,Bombing/Explosion,0,4
14.061619,46.914966,Armed Assault,0,4
13.887403,45.863649,Assassination,0,4
14.776111,49.366111,Unknown,1,4
13.79985,45.886147,Bombing/Explosion,1,4
16.275654,-0.050084,Bombing/Explosion,4,4
16.757752,-2.999362,Bombing/Explosion,0,4
14.049969,47.854685,Bombing/Explosion,0,4
22.676768,-3.978906,Hostage Taking (Kidnapping),0,4
16.803421,-3.559388,Unknown,,4
16.275654,-0.050084,Hostage Taking (Kidnapping),,4
15.914915,48.650744,Assassination,2,4
14.75463,46.516262,Unknown,3,4
13.883333,45.866667,Armed Assault,2,4
24.891116,67.143312,Armed Assault,1,4
24.891116,67.143312,Bombing/Explosion,0,4
24.891116,67.143312,Armed Assault,1,4
13.887403,45.863649,Bombing/Explosion,1,4
13.883333,45.866667,Armed Assault,4,4
16.263981,-0.027987,Bombing/Explosion,82,82
13.887403,45.863649,Assassination,4,4
15.840202,48.454379,Armed Assault,1,4
13.887403,45.863649,Bombing/Explosion,6,6
13.887403,45.863649,Bombing/Explosion,0,4
13.3576,45.696479,Bombing/Explosion,0,4
13.887403,45.863649,Armed Assault,23,23
13.879274,45.869519,Assassination,1,4
14.533909,46.831055,Armed Assault,4,4
14.467003,47.275284,Bombing/Explosion,0,4
13.129727,45.385572,Bombing/Explosion,6,6
13.3576,45.696479,Armed Assault,6,6
16.666667,49.5,Unknown,5,5
14.965331,47.945678,Unknown,,4
13.741654,45.687587,Bombing/Explosion,1,4
17.489364,47.644028,Facility/Infrastructure Attack,0,4
13.063399,44.880882,Bombing/Explosion,20,20
13.475452,46.468833,Assassination,0,4
13.770527,46.010264,Armed Assault,1,4
13.148959,44.85055,Unknown,1,4
15.506945,48.34395,Bombing/Explosion,4,4
13.628164,46.056441,Assassination,2,4
15.141161,48.357219,Bombing/Explosion,12,12
15.840202,48.454379,Armed Assault,3,4
13.633352,46.056552,Hostage Taking (Kidnapping),,4
12.849085,45.037275,Armed Assault,3,4
14.537065,46.833113,Armed Assault,5,5
13.996908,48.184603,Bombing/Explosion,9,9
14.998608,47.863247,Armed Assault,3,4
13.832776,45.860162,Assassination,1,4
13.519865,46.711736,Armed Assault,3,4
14.0375,47.8381,Hostage Taking (Kidnapping),6,6
13.994633,46.598641,Bombing/Explosion,0,4
13.3576,45.696479,Bombing/Explosion,0,4
13.764453,45.808896,Bombing/Explosion,4,4
13.850661,44.70184,Bombing/Explosion,9,9
13.887403,45.863649,Assassination,1,4
13.887403,45.863649,Assassination,0,4
13.657935,45.84272,Assassination,1,4
15.104359,48.330005,Armed Assault,1,4
15.914915,48.650744,Armed Assault,3,4
15.940011,48.789753,Armed Assault,2,4
13.866199,45.221763,Armed Assault,0,4
15.940011,48.789753,Bombing/Explosion,0,4
13.887227,46.237402,Bombing/Explosion,1,4
13.3576,45.696479,Assassination,5,5
13.933373,46.083331,Bombing/Explosion,9,9
14.4296,46.151047,Assassination,0,4
15.840202,48.454379,Assassination,1,4
14.002145,46.722083,Assassination,0,4
14.529338,46.830488,Armed Assault,5,5
14.2764,46.8692,Bombing/Explosion,4,4
15.059662,48.370721,Bombing/Explosion,4,4
14.543159,46.835622,Bombing/Explosion,13,13
16.533297,1.681982,Hostage Taking (Kidnapping),5,5
12.86714,44.983957,Armed Assault,1,4
34.486647,7.521071,Bombing/Explosion,5,5
14.00556,46.685825,Bombing/Explosion,3,4
14.670368,48.847252,Unknown,6,6
14.349534,46.762391,Unknown,,4
16.054574,48.998339,Assassination,1,4
13.892441,46.14831,Bombing/Explosion,3,4
13.826605,44.690594,Bombing/Explosion,3,4
14.477851,48.208042,Armed Assault,14,14
13.760449,46.009397,Bombing/Explosion,4,4
14.275623,46.85818,Bombing/Explosion,,4
13.664379,46.781556,Bombing/Explosion,0,4
13.965535,46.690197,Armed Assault,,4
13.897943,46.140813,Bombing/Explosion,0,4
13.585136,46.684787,Armed Assault,5,5
12.829612,44.872082,Assassination,0,4
13.779512,45.760884,Hostage Taking (Kidnapping),2,4
13.826605,44.690594,Assassination,4,4
15.914915,48.650744,Bombing/Explosion,2,4
12.86714,44.983957,Assassination,1,4
13.892716,46.149005,Armed Assault,4,4
14.762731,49.605729,Bombing/Explosion,0,4
14.762731,49.605729,Bombing/Explosion,2,4
13.92152,46.153901,Armed Assault,2,4
14.064557,46.682809,Bombing/Explosion,2,4
14.11204,45.459748,Hostage Taking (Kidnapping),0,4
15.914915,48.650744,Bombing/Explosion,0,4
14.062118,46.914975,Bombing/Explosion,3,4
15.921257,48.636382,Bombing/Explosion,0,4
13.999779,46.831379,Assassination,0,4
15.940011,48.789753,Bombing/Explosion,4,4
15.849725,48.518898,Bombing/Explosion,6,6
12.86714,44.983957,Bombing/Explosion,1,4
15.919684,47.292618,Armed Assault,1,4
14.396411,45.718932,Assassination,1,4
14.062118,46.914975,Bombing/Explosion,3,4
16.009841,48.298366,Armed Assault,1,4
15.923056,48.214444,Bombing/Explosion,3,4
13.968109,46.742317,Bombing/Explosion,1,4
14.028576,45.560004,Bombing/Explosion,1,4
13.932402,46.080168,Armed Assault,5,5
13.993299,46.830646,Armed Assault,19,19
14.019246,46.698068,Armed Assault,0,4
13.845801,45.995547,Bombing/Explosion,0,4
13.720259,46.016158,Armed Assault,1,4
14.676598,-1.95135,Hostage Taking (Kidnapping),26,26
24.684588,46.70267,Armed Assault,0,4
13.913294,46.199272,Assassination,0,4
13.521905,46.711415,Armed Assault,0,4
30.355674,-87.288334,Armed Assault,4,4