year,attacktype,deaths
1992,Bombing/Explosion,2
1992,Bombing/Explosion,1
1998,Bombing/Explosion,224
1998,Bombing/Explosion,11
2000,Bombing/Explosion,0
2000,Bombing/Explosion,19
2001,Hijacking,1385
2001,Hijacking,1385
2001,Hijacking,190
2001,Hijacking,44
2001,Bombing/Explosion,0
2002,Bombing/Explosion,5
2002,Bombing/Explosion,10
2002,Bombing/Explosion,21
2002,Bombing/Explosion,14
2002,Bombing/Explosion,19
2002,Assassination,3
2002,Bombing/Explosion,10
2002,Bombing/Explosion,1
2002,Bombing/Explosion,1
2002,Bombing/Explosion,0
2002,Bombing/Explosion,0
2002,Bombing/Explosion,16
2002,Bombing/Explosion,0
2002,Bombing/Explosion,0
2003,Bombing/Explosion,0
2003,Bombing/Explosion,0
2003,Bombing/Explosion,0
2003,Bombing/Explosion,3
2003,Bombing/Explosion,0
2003,Bombing/Explosion,0
2003,Bombing/Explosion,0
2003,Bombing/Explosion,0
2003,Bombing/Explosion,12
2003,Bombing/Explosion,11
2003,Bombing/Explosion,11
2003,Bombing/Explosion,0
2003,Bombing/Explosion,6
2003,Bombing/Explosion,17
2003,Armed Assault,4
2003,Bombing/Explosion,7
2003,Hostage Taking (Kidnapping),0
2003,Bombing/Explosion,17
2003,Bombing/Explosion,16
2003,Bombing/Explosion,16
2003,Assassination,15
2004,Bombing/Explosion,37
2004,Bombing/Explosion,73
2004,Bombing/Explosion,19
2004,Bombing/Explosion,0
2004,Bombing/Explosion,0
2004,Bombing/Explosion,62
2004,Bombing/Explosion,0
2004,Armed Assault,10
2004,Hostage Taking (Barricade Incident),22
2004,Bombing/Explosion,0
2004,Armed Assault,24
2004,Armed Assault,1
2004,Hostage Taking (Kidnapping),1
2004,Bombing/Explosion,1
2004,Bombing/Explosion,2
2004,Armed Assault,50
2004,Bombing/Explosion,3
2004,Hostage Taking (Kidnapping),1
2004,Facility/Infrastructure Attack,13
2004,Armed Assault,9
2004,Bombing/Explosion,2
2004,Facility/Infrastructure Attack,0
2004,Bombing/Explosion,1
2004,Bombing/Explosion,8
2005,Assassination,2
2005,Assassination,2
2005,Bombing/Explosion,8
2005,Bombing/Explosion,3
2005,Bombing/Explosion,12
2005,Hostage Taking (Kidnapping),0
2005,Bombing/Explosion,12
2005,Bombing/Explosion,21
2005,Bombing/Explosion,18
2005,Bombing/Explosion,3
2005,Bombing/Explosion,7
2005,Assassination,9
2005,Bombing/Explosion,16
2005,Bombing/Explosion,11
2005,Bombing/Explosion,0
2005,Assassination,4
2005,Hostage Taking (Kidnapping),1
2005,Bombing/Explosion,20
2005,Bombing/Explosion,1
2005,Bombing/Explosion,10
2005,Bombing/Explosion,6
2005,Bombing/Explosion,3
2005,Bombing/Explosion,3
2005,Bombing/Explosion,4
2005,Bombing/Explosion,3
2005,Hostage Taking (Kidnapping),
2005,Bombing/Explosion,22
2005,Hostage Taking (Kidnapping),1
2005,Bombing/Explosion,15
2005,Assassination,1
2005,Assassination,1
2005,Assassination,2
2005,Bombing/Explosion,11
2005,Bombing/Explosion,34
2005,Bombing/Explosion,27
2005,Bombing/Explosion,21
2005,Bombing/Explosion,1
2005,Bombing/Explosion,3
2005,Bombing/Explosion,23
2005,Assassination,5
2005,Bombing/Explosion,2
2005,Bombing/Explosion,20
2005,Bombing/Explosion,8
2005,Bombing/Explosion,0
2005,Hostage Taking (Kidnapping),0
2005,Armed Assault,0
2005,Armed Assault,0
2005,Bombing/Explosion,8
2005,Bombing/Explosion,27
2005,Bombing/Explosion,7
2005,Bombing/Explosion,14
2005,Assassination,1
2005,Bombing/Explosion,25
2005,Armed Assault,12
2005,Bombing/Explosion,2
2005,Bombing/Explosion,3
2005,Bombing/Explosion,8
2005,Assassination,3
2005,Bombing/Explosion,0
2005,Hostage Taking (Kidnapping),2
2005,Bombing/Explosion,0
2005,Bombing/Explosion,0
2005,Bombing/Explosion,0
2005,Bombing/Explosion,44
2005,Bombing/Explosion,8
2005,Bombing/Explosion,160
2005,Bombing/Explosion,4
2005,Bombing/Explosion,30
2005,Bombing/Explosion,10
2005,Bombing/Explosion,6
2005,Hostage Taking (Kidnapping),1
2005,Armed Assault,12
2005,Bombing/Explosion,8
2005,Bombing/Explosion,20
2005,Bombing/Explosion,20
2005,Bombing/Explosion,21
2005,Bombing/Explosion,35
2005,Bombing/Explosion,36
2005,Facility/Infrastructure Attack,0
2005,Hostage Taking (Kidnapping),0
2006,Bombing/Explosion,2
2006,Bombing/Explosion,0
2006,Bombing/Explosion,0
2006,Bombing/Explosion,0
2006,Bombing/Explosion,0
2006,Bombing/Explosion,4
2006,Bombing/Explosion,90
2006,Hostage Taking (Kidnapping),1
2006,Bombing/Explosion,6
2006,Assassination,11
2006,Bombing/Explosion,9
2007,Bombing/Explosion,0
2007,Hostage Taking (Kidnapping),1
2007,Bombing/Explosion,0
2007,Bombing/Explosion,15
2007,Bombing/Explosion,0
2007,Bombing/Explosion,0
2007,Assassination,1
2007,Bombing/Explosion,0
2007,Bombing/Explosion,1
2007,Bombing/Explosion,0
2007,Bombing/Explosion,4
2007,Bombing/Explosion,0
2007,Bombing/Explosion,2
2007,Bombing/Explosion,0
2007,Bombing/Explosion,0
2007,Bombing/Explosion,0
2007,Armed Assault,0
2007,Armed Assault,0
2007,Armed Assault,0
2007,Armed Assault,0
2007,Bombing/Explosion,4
2007,Bombing/Explosion,9
2007,Bombing/Explosion,2
2007,Bombing/Explosion,2
2007,Bombing/Explosion,1
2007,Bombing/Explosion,0
2007,Bombing/Explosion,8
2007,Assassination,0
2007,Armed Assault,3
2007,Armed Assault,15
2007,Bombing/Explosion,30
2007,Bombing/Explosion,8
2007,Armed Assault,2
2007,Bombing/Explosion,2
2007,Armed Assault,0
2007,Bombing/Explosion,0
2007,Bombing/Explosion,127
2007,Assassination,1
2007,Armed Assault,1
2007,Bombing/Explosion,19
2007,Bombing/Explosion,2
2007,Bombing/Explosion,0
2007,Bombing/Explosion,1
2007,Armed Assault,16
2007,Hostage Taking (Kidnapping),0
2007,Armed Assault,0
2007,Bombing/Explosion,3
2007,Bombing/Explosion,0
2007,Assassination,1
2007,Bombing/Explosion,1
2007,Armed Assault,1
2007,Bombing/Explosion,0
2007,Bombing/Explosion,0
2007,Bombing/Explosion,3
2007,Hostage Taking (Kidnapping),15
2007,Bombing/Explosion,15
2007,Bombing/Explosion,1
2007,Bombing/Explosion,0
2007,Bombing/Explosion,18
2007,Bombing/Explosion,0
2007,Armed Assault,1
2007,Assassination,1
2007,Bombing/Explosion,1
2007,Bombing/Explosion,9
2007,Unknown,1
2007,Assassination,0
2007,Bombing/Explosion,11
2007,Bombing/Explosion,1
2007,Bombing/Explosion,25
2007,Bombing/Explosion,0
2007,Bombing/Explosion,3
2007,Assassination,0
2007,Bombing/Explosion,250
2007,Bombing/Explosion,250
2007,Bombing/Explosion,0
2007,Armed Assault,3
2007,Hostage Taking (Kidnapping),0
2007,Bombing/Explosion,6
2007,Bombing/Explosion,18
2007,Bombing/Explosion,16
2007,Assassination,1
2007,Bombing/Explosion,30
2007,Bombing/Explosion,0
2007,Bombing/Explosion,3
2007,Bombing/Explosion,3
2007,Armed Assault,14
2007,Bombing/Explosion,1
2007,Bombing/Explosion,1
2007,Bombing/Explosion,20
2007,Assassination,1
2007,Bombing/Explosion,2
2007,Bombing/Explosion,0
2007,Bombing/Explosion,0
2007,Armed Assault,1
2007,Bombing/Explosion,1
2007,Facility/Infrastructure Attack,10
2007,Facility/Infrastructure Attack,10
2007,Armed Assault,1
2007,Armed Assault,6
2007,Bombing/Explosion,7
2007,Armed Assault,14
2007,Armed Assault,22
2007,Armed Assault,22
2007,Armed Assault,2
2007,Armed Assault,1
2007,Unknown,4
2007,Armed Assault,5
2007,Bombing/Explosion,20
2007,Bombing/Explosion,19
2007,Assassination,5
2007,Bombing/Explosion,0
2007,Bombing/Explosion,2
2007,Unknown,0
2007,Bombing/Explosion,0
2007,Bombing/Explosion,2
2007,Assassination,20
2008,Armed Assault,1
2008,Bombing/Explosion,8
2008,Bombing/Explosion,5
2008,Armed Assault,0
2008,Unknown,1
2008,Bombing/Explosion,90
2008,Bombing/Explosion,7
2008,Bombing/Explosion,11
2008,Bombing/Explosion,3
2008,Hostage Taking (Kidnapping),0
2008,Armed Assault,1
2008,Bombing/Explosion,1
2008,Bombing/Explosion,56
2008,Bombing/Explosion,27
2008,Armed Assault,5
2008,Bombing/Explosion,4
2008,Armed Assault,5
2008,Bombing/Explosion,1
2008,Assassination,2
2008,Bombing/Explosion,2
2008,Armed Assault,4
2008,Bombing/Explosion,1
2008,Bombing/Explosion,0
2008,Armed Assault,1
2008,Bombing/Explosion,0
2008,Unknown,4
2008,Bombing/Explosion,7
2008,Bombing/Explosion,1
2008,Bombing/Explosion,6
2008,Armed Assault,0
2008,Armed Assault,1
2008,Armed Assault,4
2008,Bombing/Explosion,0
2008,Bombing/Explosion,14
2008,Bombing/Explosion,42
2008,Bombing/Explosion,0
2008,Hostage Taking (Kidnapping),1
2008,Bombing/Explosion,36
2008,Hostage Taking (Kidnapping),0
2008,Armed Assault,9
2008,Armed Assault,3
2008,Armed Assault,1
2008,Hostage Taking (Kidnapping),0
2008,Assassination,2
2008,Bombing/Explosion,0
2008,Bombing/Explosion,1
2008,Bombing/Explosion,0
2008,Bombing/Explosion,1
2008,Armed Assault,5
2008,Bombing/Explosion,2
2008,Bombing/Explosion,10
2008,Bombing/Explosion,2
2008,Unknown,4
2008,Hostage Taking (Kidnapping),0
2008,Unknown,3
2008,Bombing/Explosion,0
2008,Bombing/Explosion,2
2008,Bombing/Explosion,2
2008,Armed Assault,6
2008,Bombing/Explosion,0
2008,Bombing/Explosion,0
2008,Hostage Taking (Kidnapping),1
2008,Bombing/Explosion,1
2008,Armed Assault,7
2008,Bombing/Explosion,24
2008,Bombing/Explosion,8
2008,Bombing/Explosion,1
2008,Bombing/Explosion,9
2008,Bombing/Explosion,0
2008,Assassination,3
2008,Bombing/Explosion,44
2008,Bombing/Explosion,12
2008,Bombing/Explosion,3
2008,Hostage Taking (Kidnapping),0
2008,Armed Assault,7
2008,Bombing/Explosion,0
2008,Hostage Taking (Kidnapping),12
2008,Bombing/Explosion,16
2008,Bombing/Explosion,2
2008,Bombing/Explosion,0
2008,Hostage Taking (Kidnapping),0
2008,Armed Assault,2
2008,Bombing/Explosion,12
2008,Bombing/Explosion,1
2008,Bombing/Explosion,8
2008,Bombing/Explosion,8
2008,Bombing/Explosion,4
2008,Armed Assault,6
2008,Armed Assault,2
2008,Bombing/Explosion,2
2008,Hostage Taking (Kidnapping),1
2008,Bombing/Explosion,1
2008,Assassination,1
2008,Armed Assault,1
2008,Bombing/Explosion,32
2008,Bombing/Explosion,0
2008,Bombing/Explosion,0
2008,Hostage Taking (Kidnapping),0
2008,Bombing/Explosion,3
2009,Facility/Infrastructure Attack,0
2009,Armed Assault,1
2009,Hostage Taking (Kidnapping),1
2009,Bombing/Explosion,7
2009,Bombing/Explosion,9
2009,Bombing/Explosion,34
2009,Armed Assault,1
2009,Bombing/Explosion,1
2009,Bombing/Explosion,7
2009,Bombing/Explosion,4
2009,Bombing/Explosion,2
2009,Bombing/Explosion,1
2009,Bombing/Explosion,1
2009,Bombing/Explosion,16
2009,Armed Assault,2
2009,Unknown,1
2009,Bombing/Explosion,6
2009,Bombing/Explosion,10
2009,Bombing/Explosion,2
2009,Bombing/Explosion,4
2009,Bombing/Explosion,12
2009,Bombing/Explosion,12
2009,Bombing/Explosion,12
2009,Bombing/Explosion,7
2009,Bombing/Explosion,0
2009,Bombing/Explosion,0
2009,Armed Assault,2
2009,Bombing/Explosion,0
2009,Bombing/Explosion,10
2008,Hostage Taking (Kidnapping),0
2009,Armed Assault,1
2009,Bombing/Explosion,19
2009,Armed Assault,5
2009,Hostage Taking (Kidnapping),1
2009,Unknown,28
2009,Bombing/Explosion,0
2009,Bombing/Explosion,1
2009,Unknown,2
2009,Bombing/Explosion,1
2009,Bombing/Explosion,43
2009,Assassination,1
2009,Bombing/Explosion,0
2009,Armed Assault,1
2009,Armed Assault,7
2009,Assassination,0
2009,Hostage Taking (Kidnapping),0
2009,Armed Assault,5
2009,Assassination,2
2009,Hostage Taking (Kidnapping),0
2009,Hostage Taking (Kidnapping),0
2009,Assassination,6
2009,Bombing/Explosion,26
2009,Bombing/Explosion,26
2009,Bombing/Explosion,26
2009,Bombing/Explosion,27
2009,Bombing/Explosion,27
2009,Hostage Taking (Kidnapping),0
2009,Bombing/Explosion,2
2009,Bombing/Explosion,0
2009,Unknown,4
2010,Hostage Taking (Kidnapping),0
2010,Hostage Taking (Kidnapping),1
2010,Bombing/Explosion,3
2010,Bombing/Explosion,5
2010,Bombing/Explosion,6
2010,Bombing/Explosion,1
2010,Bombing/Explosion,0
2010,Bombing/Explosion,20
2010,Bombing/Explosion,19
2010,Bombing/Explosion,0
2010,Assassination,1
2010,Bombing/Explosion,12
2010,Bombing/Explosion,6
2010,Bombing/Explosion,43
2010,Bombing/Explosion,2
2010,Bombing/Explosion,0
2010,Armed Assault,13
2010,Unknown,11
2010,Assassination,1
2010,Bombing/Explosion,1
2010,Bombing/Explosion,1
2010,Bombing/Explosion,1
2010,Bombing/Explosion,0
2010,Bombing/Explosion,0
2010,Bombing/Explosion,4
2010,Bombing/Explosion,2
2010,Armed Assault,3
2010,Bombing/Explosion,43
2010,Assassination,5
2010,Armed Assault,5
2010,Armed Assault,9
2010,Bombing/Explosion,2
2010,Armed Assault,3
2010,Bombing/Explosion,8
2010,Bombing/Explosion,8
2010,Bombing/Explosion,1
2010,Armed Assault,3
2010,Armed Assault,1
2010,Armed Assault,2
2010,Hostage Taking (Kidnapping),1
2010,Assassination,1
2010,Armed Assault,1
2010,Bombing/Explosion,3
2010,Bombing/Explosion,1
2010,Armed Assault,1
2010,Bombing/Explosion,13
2010,Hostage Taking (Kidnapping),1
2010,Bombing/Explosion,1
2010,Armed Assault,0
2010,Bombing/Explosion,3
2010,Armed Assault,1
2010,Armed Assault,3
2010,Armed Assault,3
2010,Bombing/Explosion,0
2010,Bombing/Explosion,0
2010,Bombing/Explosion,0
2010,Bombing/Explosion,2
2010,Hostage Taking (Kidnapping),0
2010,Assassination,0
2010,Unknown,2
2010,Unknown,2
2010,Unknown,1
2010,Unknown,6
2010,Armed Assault,2
2010,Bombing/Explosion,0
2010,Armed Assault,3
2010,Bombing/Explosion,1
2010,Bombing/Explosion,5
2010,Bombing/Explosion,0
2010,Armed Assault,1
2010,Bombing/Explosion,2
2010,Bombing/Explosion,0
2010,Assassination,1
2010,Bombing/Explosion,2
2010,Unknown,3
2010,Assassination,1
2010,Bombing/Explosion,1
2010,Bombing/Explosion,0
2010,Bombing/Explosion,0
2010,Bombing/Explosion,0
2010,Bombing/Explosion,21
2010,Bombing/Explosion,2
2010,Bombing/Explosion,2
2010,Bombing/Explosion,2
2010,Bombing/Explosion,2
2010,Bombing/Explosion,2
2010,Bombing/Explosion,1
2010,Bombing/Explosion,1
2010,Bombing/Explosion,1
2010,Bombing/Explosion,1
2010,Bombing/Explosion,1
2010,Bombing/Explosion,1
2010,Bombing/Explosion,1
2010,Bombing/Explosion,1
2010,Unknown,3
2010,Bombing/Explosion,2
2010,Bombing/Explosion,16
2010,Assassination,16
2010,Bombing/Explosion,41
2010,Bombing/Explosion,0
2010,Armed Assault,1
2010,Bombing/Explosion,5
2010,Armed Assault,3
2011,Facility/Infrastructure Attack,0
2011,Hostage Taking (Kidnapping),2
2011,Bombing/Explosion,10
2011,Assassination,4
2011,Assassination,1
2011,Bombing/Explosion,61
2011,Armed Assault,1
2011,Armed Assault,1
2011,Unknown,1
2011,Assassination,0
2011,Assassination,1
2011,Hostage Taking (Kidnapping),0
2011,Armed Assault,1
2011,Armed Assault,1
2011,Assassination,1
2011,Armed Assault,1
2011,Armed Assault,1
2011,Armed Assault,4
2011,Armed Assault,6
2011,Bombing/Explosion,110
2011,Bombing/Explosion,68
2011,Armed Assault,2
2011,Armed Assault,14
2011,Armed Assault,1
2011,Armed Assault,0
2011,Armed Assault,1
2011,Bombing/Explosion,17
2011,Armed Assault,3
2011,Armed Assault,1
2011,Bombing/Explosion,4
2011,Armed Assault,6
2011,Hostage Taking (Kidnapping),0
2011,Armed Assault,1
2011,Bombing/Explosion,0
2011,Armed Assault,3
2011,Armed Assault,4
2011,Armed Assault,0
2011,Assassination,7
2011,Unknown,10
2011,Armed Assault,0
2011,Armed Assault,15
2011,Armed Assault,2
2011,Hostage Taking (Kidnapping),0
2011,Armed Assault,3
2011,Assassination,1
2011,Hostage Taking (Kidnapping),0
2011,Hostage Taking (Kidnapping),0
2011,Armed Assault,19
2011,Armed Assault,2
2011,Armed Assault,0
2011,Armed Assault,10
2011,Unknown,3
2011,Facility/Infrastructure Attack,0
2011,Bombing/Explosion,
2011,Bombing/Explosion,1
2011,Bombing/Explosion,6
2011,Unknown,12
2011,Hostage Taking (Kidnapping),1
2011,Bombing/Explosion,14
2011,Bombing/Explosion,1
2011,Armed Assault,2
2011,Unknown,0
2011,Bombing/Explosion,5
2011,Bombing/Explosion,10
2011,Unknown,14
2011,Bombing/Explosion,0
2011,Armed Assault,1
2011,Bombing/Explosion,8
2011,Unknown,36
2011,Armed Assault,18
2011,Facility/Infrastructure Attack,10
2011,Unknown,
2011,Bombing/Explosion,2
2011,Bombing/Explosion,6
2011,Armed Assault,1
2011,Bombing/Explosion,5
2011,Armed Assault,1
2011,Bombing/Explosion,0
2011,Armed Assault,1
2011,Bombing/Explosion,3
2011,Bombing/Explosion,3
2011,Bombing/Explosion,3
2011,Armed Assault,4
2011,Assassination,1
2011,Hostage Taking (Kidnapping),1
2011,Hostage Taking (Kidnapping),0
2011,Assassination,1
2011,Bombing/Explosion,0
2011,Bombing/Explosion,0
2011,Assassination,1
2011,Armed Assault,0
2011,Armed Assault,2
2011,Armed Assault,1
2011,Unarmed Assault,0
2011,Assassination,1
2011,Assassination,1
2011,Bombing/Explosion,0
2011,Bombing/Explosion,2
2011,Hostage Taking (Kidnapping),1
2011,Hostage Taking (Kidnapping),1
2011,Armed Assault,5
2011,Assassination,2
2011,Armed Assault,1
2011,Bombing/Explosion,5
2011,Assassination,1
2011,Armed Assault,10
2011,Bombing/Explosion,0
2011,Armed Assault,1
2011,Bombing/Explosion,2
2011,Bombing/Explosion,3
2011,Bombing/Explosion,5
2011,Bombing/Explosion,7
2011,Bombing/Explosion,18
2011,Bombing/Explosion,1
2011,Bombing/Explosion,1
2011,Bombing/Explosion,0
2011,Bombing/Explosion,3
2011,Bombing/Explosion,4
2011,Bombing/Explosion,2
2011,Unknown,5
2011,Bombing/Explosion,0
2011,Bombing/Explosion,1
2011,Bombing/Explosion,23
2011,Bombing/Explosion,23
2011,Armed Assault,5
2012,Bombing/Explosion,0
2012,Armed Assault,1
2012,Armed Assault,2
2012,Hostage Taking (Kidnapping),0
2012,Assassination,0
2012,Armed Assault,3
2012,Armed Assault,1
2012,Assassination,1
2012,Hostage Taking (Kidnapping),1
2012,Assassination,1
2012,Bombing/Explosion,5
2012,Armed Assault,3
2012,Armed Assault,2
2012,Assassination,1
2012,Bombing/Explosion,0
2012,Armed Assault,3
2012,Assassination,5
2012,Bombing/Explosion,1
2012,Armed Assault,0
2012,Bombing/Explosion,16
2012,Armed Assault,4
2012,Bombing/Explosion,1
2012,Armed Assault,6
2012,Bombing/Explosion,2
2012,Bombing/Explosion,6
2012,Bombing/Explosion,7
2012,Bombing/Explosion,3
2012,Bombing/Explosion,1
2012,Bombing/Explosion,0
2012,Armed Assault,2
2012,Bombing/Explosion,3
2012,Bombing/Explosion,3
2012,Bombing/Explosion,1
2012,Bombing/Explosion,0
2012,Bombing/Explosion,0
2012,Armed Assault,1
2012,Bombing/Explosion,1
2012,Bombing/Explosion,1
2012,Bombing/Explosion,2
2012,Bombing/Explosion,0
2012,Bombing/Explosion,2
2012,Bombing/Explosion,1
2012,Bombing/Explosion,1
2012,Bombing/Explosion,2
2012,Bombing/Explosion,0
2012,Bombing/Explosion,0
2012,Bombing/Explosion,0
2012,Bombing/Explosion,0
2012,Bombing/Explosion,0
2012,Bombing/Explosion,0
2012,Bombing/Explosion,1
2012,Bombing/Explosion,2
2012,Unknown,2
2012,Bombing/Explosion,31
2012,Hostage Taking (Kidnapping),
2012,Hostage Taking (Kidnapping),
2012,Armed Assault,0
2012,Bombing/Explosion,3
2012,Bombing/Explosion,1
2012,Bombing/Explosion,0
2012,Hostage Taking (Kidnapping),210
2012,Bombing/Explosion,22
2012,Bombing/Explosion,5
2012,Armed Assault,1
2012,Bombing/Explosion,0
2012,Assassination,2
2012,Armed Assault,14
2012,Assassination,2
2012,Armed Assault,14
2012,Armed Assault,1
2012,Assassination,1
2012,Bombing/Explosion,
2012,Armed Assault,1
2012,Bombing/Explosion,7
2012,Bombing/Explosion,8
2012,Bombing/Explosion,0
2012,Bombing/Explosion,3
2012,Bombing/Explosion,0
2012,Bombing/Explosion,2
2012,Bombing/Explosion,7
2012,Bombing/Explosion,0
2012,Hostage Taking (Kidnapping),0
2012,Bombing/Explosion,1
2012,Bombing/Explosion,1
2012,Bombing/Explosion,0
2012,Armed Assault,0
2012,Armed Assault,1
2012,Armed Assault,1
2012,Bombing/Explosion,3
2012,Bombing/Explosion,7
2012,Bombing/Explosion,7
2012,Bombing/Explosion,6
2012,Bombing/Explosion,3
2012,Armed Assault,3
2012,Bombing/Explosion,2
2012,Bombing/Explosion,0
2012,Bombing/Explosion,0
2012,Bombing/Explosion,6
2012,Bombing/Explosion,0
2012,Bombing/Explosion,6
2012,Bombing/Explosion,1
2012,Bombing/Explosion,0
2012,Bombing/Explosion,1
2012,Bombing/Explosion,6
2012,Bombing/Explosion,3
2012,Hostage Taking (Kidnapping),1
2012,Armed Assault,3
2012,Armed Assault,1
2012,Hostage Taking (Kidnapping),0
2012,Bombing/Explosion,0
2012,Armed Assault,0
2012,Armed Assault,2
2012,Armed Assault,29
2012,Assassination,0
2012,Armed Assault,1
2012,Armed Assault,3
2012,Armed Assault,7
2012,Bombing/Explosion,0
2012,Bombing/Explosion,0
2012,Bombing/Explosion,2
2012,Bombing/Explosion,1
2012,Assassination,1
2012,Armed Assault,57
2012,Bombing/Explosion,0
2012,Armed Assault,8
2012,Armed Assault,1
2012,Unknown,3
2012,Unknown,8
2012,Armed Assault,12
2012,Hostage Taking (Kidnapping),
2012,Bombing/Explosion,3
2012,Bombing/Explosion,5
2012,Armed Assault,8
2012,Bombing/Explosion,6
2012,Bombing/Explosion,1
2012,Bombing/Explosion,2
2012,Bombing/Explosion,2
2012,Bombing/Explosion,2
2012,Bombing/Explosion,2
2012,Bombing/Explosion,2
2012,Bombing/Explosion,4
2012,Bombing/Explosion,5
2012,Bombing/Explosion,2
2012,Armed Assault,1
2012,Armed Assault,1
2012,Bombing/Explosion,3
2012,Bombing/Explosion,2
2012,Bombing/Explosion,1
2012,Bombing/Explosion,3
2012,Bombing/Explosion,1
2012,Bombing/Explosion,0
2012,Bombing/Explosion,2
2012,Bombing/Explosion,6
2012,Bombing/Explosion,1
2012,Bombing/Explosion,2
2012,Bombing/Explosion,1
2012,Bombing/Explosion,3
2012,Bombing/Explosion,1
2012,Bombing/Explosion,0
2012,Bombing/Explosion,6
2012,Bombing/Explosion,1
2012,Bombing/Explosion,1
2012,Bombing/Explosion,1
2012,Bombing/Explosion,1
2012,Bombing/Explosion,1
2012,Bombing/Explosion,0
2012,Bombing/Explosion,0
2012,Bombing/Explosion,0
2012,Bombing/Explosion,0
2012,Bombing/Explosion,1
2012,Bombing/Explosion,0
2012,Bombing/Explosion,0
2012,Bombing/Explosion,2
2012,Bombing/Explosion,2
2012,Bombing/Explosion,2
2012,Bombing/Explosion,0
2012,Bombing/Explosion,0
2012,Bombing/Explosion,0
2012,Hostage Taking (Kidnapping),0
2012,Unknown,8
2012,Bombing/Explosion,2
2012,Armed Assault,6
2012,Bombing/Explosion,0
2012,Unknown,1
2012,Assassination,1
2012,Unknown,15
2012,Armed Assault,2
2012,Bombing/Explosion,1
2012,Unknown,4
2012,Bombing/Explosion,1
2012,Bombing/Explosion,0
2012,Bombing/Explosion,0
2012,Armed Assault,20
2012,Bombing/Explosion,0
2012,Bombing/Explosion,0
2012,Bombing/Explosion,0
2012,Bombing/Explosion,1
2012,Armed Assault,6
2012,Bombing/Explosion,2
2012,Hostage Taking (Kidnapping),0
2012,Armed Assault,0
2012,Bombing/Explosion,0
2012,Bombing/Explosion,0
2012,Bombing/Explosion,0
2012,Armed Assault,0
2012,Armed Assault,0
2012,Bombing/Explosion,97
2012,Bombing/Explosion,0
2012,Bombing/Explosion,15
2012,Bombing/Explosion,0
2012,Armed Assault,6
2012,Armed Assault,25
2012,Armed Assault,1
2012,Bombing/Explosion,5
2012,Bombing/Explosion,26
2012,Bombing/Explosion,6
2012,Bombing/Explosion,1
2012,Bombing/Explosion,4
2012,Bombing/Explosion,2
2012,Armed Assault,4
2012,Bombing/Explosion,3
2012,Bombing/Explosion,0
2012,Armed Assault,11
2012,Armed Assault,1
2012,Bombing/Explosion,9
2012,Bombing/Explosion,20
2012,Bombing/Explosion,9
2012,Bombing/Explosion,7
2012,Bombing/Explosion,7
2012,Bombing/Explosion,1
2012,Armed Assault,3
2012,Bombing/Explosion,0
2012,Bombing/Explosion,1
2012,Bombing/Explosion,1
2012,Bombing/Explosion,1
2012,Bombing/Explosion,1
2012,Bombing/Explosion,1
2012,Bombing/Explosion,0
2012,Bombing/Explosion,3
2012,Bombing/Explosion,2
2012,Bombing/Explosion,2
2012,Bombing/Explosion,2
2012,Bombing/Explosion,2
2012,Bombing/Explosion,1
2012,Bombing/Explosion,3
2012,Bombing/Explosion,0
2012,Bombing/Explosion,
2012,Bombing/Explosion,1
2012,Bombing/Explosion,0
2012,Bombing/Explosion,5
2012,Bombing/Explosion,0
2012,Bombing/Explosion,0
2012,Bombing/Explosion,0
2012,Armed Assault,15
2012,Bombing/Explosion,18
2012,Bombing/Explosion,14
2012,Assassination,1
2012,Bombing/Explosion,16
2012,Assassination,4
2012,Bombing/Explosion,0
2012,Bombing/Explosion,3
2012,Bombing/Explosion,6
2012,Armed Assault,4
2012,Bombing/Explosion,1
2012,Bombing/Explosion,1
2012,Assassination,1
2012,Bombing/Explosion,25
2012,Assassination,0
2012,Bombing/Explosion,11
2012,Bombing/Explosion,1
2012,Assassination,4
2012,Hostage Taking (Kidnapping),0
2012,Assassination,1
2012,Assassination,1
2012,Armed Assault,1
2012,Assassination,0
2012,Armed Assault,15
2012,Bombing/Explosion,11
2012,Bombing/Explosion,12
2012,Bombing/Explosion,10
2012,Bombing/Explosion,10
2012,Bombing/Explosion,3
2012,Bombing/Explosion,12
2012,Bombing/Explosion,1
2012,Bombing/Explosion,0
2012,Bombing/Explosion,0
2012,Bombing/Explosion,1
2012,Bombing/Explosion,0
2012,Bombing/Explosion,0
2012,Bombing/Explosion,5
2012,Bombing/Explosion,3
2012,Bombing/Explosion,2
2012,Bombing/Explosion,1
2012,Bombing/Explosion,1
2012,Bombing/Explosion,1
2012,Bombing/Explosion,3
2012,Bombing/Explosion,1
2012,Bombing/Explosion,3
2012,Bombing/Explosion,0
2012,Bombing/Explosion,1
2012,Bombing/Explosion,1
2012,Bombing/Explosion,1
2012,Bombing/Explosion,1
2012,Bombing/Explosion,1
2012,Bombing/Explosion,0
2012,Bombing/Explosion,0
2012,Bombing/Explosion,0
2012,Bombing/Explosion,0
2012,Bombing/Explosion,4
2012,Armed Assault,2
2012,Bombing/Explosion,2
2012,Armed Assault,0
2012,Bombing/Explosion,0
2012,Bombing/Explosion,0
2012,Bombing/Explosion,0
2012,Bombing/Explosion,2
2012,Bombing/Explosion,
2012,Armed Assault,2
2012,Armed Assault,5
2012,Hostage Taking (Kidnapping),
2012,Bombing/Explosion,1
2012,Assassination,0
2012,Bombing/Explosion,11
2012,Bombing/Explosion,10
2012,Armed Assault,
2012,Armed Assault,4
2012,Unknown,1
2012,Bombing/Explosion,4
2012,Bombing/Explosion,46
2012,Bombing/Explosion,0
2012,Bombing/Explosion,1
2012,Armed Assault,8
2012,Assassination,2
2012,Armed Assault,3
2012,Armed Assault,6
2012,Armed Assault,8
2012,Bombing/Explosion,0
2012,Bombing/Explosion,3
2012,Armed Assault,1
2012,Bombing/Explosion,2
2012,Bombing/Explosion,6
2012,Bombing/Explosion,3
2012,Bombing/Explosion,3
2012,Bombing/Explosion,14
2012,Bombing/Explosion,13
2012,Bombing/Explosion,16
2012,Armed Assault,10
2012,Bombing/Explosion,7
2012,Bombing/Explosion,1
2012,Bombing/Explosion,1
2012,Bombing/Explosion,0
2012,Armed Assault,4
2012,Bombing/Explosion,0
2012,Bombing/Explosion,4
2012,Armed Assault,0
2012,Bombing/Explosion,14
2012,Bombing/Explosion,2
2012,Bombing/Explosion,0
2012,Armed Assault,0
2012,Armed Assault,0
2012,Bombing/Explosion,0
2012,Assassination,1
2012,Armed Assault,2
2012,Armed Assault,6
2012,Bombing/Explosion,5
2012,Armed Assault,1
2012,Bombing/Explosion,0
2012,Bombing/Explosion,0
2012,Bombing/Explosion,0
2012,Bombing/Explosion,0
2012,Bombing/Explosion,14
2012,Bombing/Explosion,13
2012,Bombing/Explosion,5
2012,Bombing/Explosion,4
2012,Bombing/Explosion,3
2012,Bombing/Explosion,7
2012,Bombing/Explosion,9
2012,Bombing/Explosion,3
2012,Bombing/Explosion,7
2012,Bombing/Explosion,0
2012,Bombing/Explosion,0
2012,Bombing/Explosion,1
2012,Bombing/Explosion,0
2012,Bombing/Explosion,0
2012,Bombing/Explosion,0
2012,Bombing/Explosion,1
2012,Bombing/Explosion,0
2012,Bombing/Explosion,0
2012,Bombing/Explosion,0
2012,Armed Assault,1
2012,Bombing/Explosion,1
2012,Bombing/Explosion,2
2012,Armed Assault,1
2012,Bombing/Explosion,3
2012,Bombing/Explosion,2
2012,Bombing/Explosion,2
2012,Bombing/Explosion,2
2012,Bombing/Explosion,0
2012,Assassination,0
2012,Armed Assault,5
2012,Bombing/Explosion,0
2012,Bombing/Explosion,0
2012,Bombing/Explosion,2
2012,Bombing/Explosion,1
2012,Bombing/Explosion,0
2012,Bombing/Explosion,2
2012,Assassination,12
2012,Armed Assault,2
2012,Hostage Taking (Kidnapping),0
2012,Armed Assault,0
2012,Bombing/Explosion,3
2012,Bombing/Explosion,1
2012,Armed Assault,2
2012,Bombing/Explosion,1
2012,Assassination,1
2012,Bombing/Explosion,0
2012,Bombing/Explosion,7
2012,Bombing/Explosion,3
2012,Bombing/Explosion,13
2012,Bombing/Explosion,3
2012,Bombing/Explosion,3
2012,Bombing/Explosion,2
2012,Bombing/Explosion,2
2012,Bombing/Explosion,2
2012,Bombing/Explosion,2
2012,Bombing/Explosion,2
2012,Bombing/Explosion,6
2012,Bombing/Explosion,1
2012,Bombing/Explosion,1
2012,Bombing/Explosion,0
2012,Bombing/Explosion,2
2012,Bombing/Explosion,1
2012,Armed Assault,0
2012,Bombing/Explosion,2
2012,Bombing/Explosion,0
2012,Armed Assault,2
2012,Bombing/Explosion,0
2012,Armed Assault,4
2012,Hostage Taking (Kidnapping),3
2012,Assassination,1
2012,Armed Assault,0
2012,Bombing/Explosion,0
2012,Assassination,1
2012,Bombing/Explosion,4
2012,Armed Assault,2
2012,Bombing/Explosion,22
2012,Armed Assault,0
2012,Armed Assault,1
2012,Armed Assault,2
2012,Bombing/Explosion,5
2012,Bombing/Explosion,23
2012,Bombing/Explosion,7
2012,Bombing/Explosion,8
2012,Unknown,1
2012,Unknown,1
2012,Armed Assault,3
2012,Armed Assault,2
2012,Bombing/Explosion,0
2012,Bombing/Explosion,0
2012,Bombing/Explosion,0
2012,Bombing/Explosion,0
2012,Bombing/Explosion,1
2012,Bombing/Explosion,10
2012,Bombing/Explosion,
2012,Bombing/Explosion,
2012,Bombing/Explosion,1
2012,Bombing/Explosion,1
2012,Bombing/Explosion,0
2012,Armed Assault,1
2012,Armed Assault,2
2012,Bombing/Explosion,29
2012,Bombing/Explosion,0
2012,Bombing/Explosion,0
2012,Bombing/Explosion,0
2012,Bombing/Explosion,5
2012,Bombing/Explosion,5
2012,Bombing/Explosion,0
2012,Bombing/Explosion,3
2012,Bombing/Explosion,0
2012,Assassination,2
2012,Hostage Taking (Kidnapping),1
2012,Assassination,0
2012,Armed Assault,0
2012,Assassination,8
2012,Bombing/Explosion,0
2012,Armed Assault,0
2012,Assassination,1
2012,Bombing/Explosion,0
2012,Bombing/Explosion,0
2012,Bombing/Explosion,0
2012,Armed Assault,1
2012,Hostage Taking (Kidnapping),0
2012,Armed Assault,1
2012,Bombing/Explosion,3
2012,Bombing/Explosion,2
2012,Bombing/Explosion,2
2012,Bombing/Explosion,2
2012,Bombing/Explosion,5
2012,Bombing/Explosion,0
2012,Bombing/Explosion,1
2012,Armed Assault,1
2012,Bombing/Explosion,4
2012,Bombing/Explosion,5
2012,Bombing/Explosion,0
2012,Bombing/Explosion,2
2012,Bombing/Explosion,4
2012,Armed Assault,2
2012,Bombing/Explosion,0
2012,Bombing/Explosion,0
2012,Bombing/Explosion,1
2012,Armed Assault,3
2012,Armed Assault,0
2013,Bombing/Explosion,0
2013,Hostage Taking (Kidnapping),
2013,Bombing/Explosion,0
2013,Assassination,1
2013,Bombing/Explosion,4
2013,Bombing/Explosion,2
2013,Armed Assault,1
2013,Bombing/Explosion,0
2013,Assassination,1
2013,Bombing/Explosion,18
2013,Bombing/Explosion,3
2013,Bombing/Explosion,5
2013,Armed Assault,3
2013,Bombing/Explosion,2
2013,Armed Assault,1
2013,Bombing/Explosion,0
2013,Bombing/Explosion,2
2013,Bombing/Explosion,
2013,Armed Assault,1
2013,Bombing/Explosion,0
2013,Bombing/Explosion,1
2013,Bombing/Explosion,0
2013,Bombing/Explosion,6
2013,Bombing/Explosion,5
2013,Bombing/Explosion,1
2013,Bombing/Explosion,5
2013,Bombing/Explosion,2
2013,Bombing/Explosion,1
2013,Bombing/Explosion,1
2013,Bombing/Explosion,1
2013,Bombing/Explosion,0
2013,Armed Assault,3
2013,Armed Assault,3
2013,Bombing/Explosion,2
2013,Bombing/Explosion,
2013,Armed Assault,0
2013,Bombing/Explosion,43
2013,Assassination,1
2013,Bombing/Explosion,0
2013,Armed Assault,2
2013,Bombing/Explosion,7
2013,Bombing/Explosion,6
2013,Armed Assault,3
2013,Bombing/Explosion,0
2013,Bombing/Explosion,9
2013,Bombing/Explosion,36
2013,Armed Assault,4
2013,Bombing/Explosion,5
2013,Bombing/Explosion,0
2013,Hijacking,
2013,Bombing/Explosion,2
2013,Bombing/Explosion,0
2013,Bombing/Explosion,0
2013,Assassination,1
2013,Bombing/Explosion,0
2013,Bombing/Explosion,0
2013,Assassination,4
2013,Bombing/Explosion,4
2013,Bombing/Explosion,4
2013,Bombing/Explosion,4
2013,Bombing/Explosion,4
2013,Bombing/Explosion,4
2013,Bombing/Explosion,4
2013,Bombing/Explosion,4
2013,Bombing/Explosion,3
2013,Bombing/Explosion,3
2013,Bombing/Explosion,3
2013,Bombing/Explosion,3
2013,Assassination,2
2013,Bombing/Explosion,4
2013,Bombing/Explosion,0
2013,Bombing/Explosion,10
2013,Bombing/Explosion,9
2013,Bombing/Explosion,5
2013,Bombing/Explosion,6
2013,Bombing/Explosion,57
2013,Bombing/Explosion,13
2013,Bombing/Explosion,13
2013,Bombing/Explosion,1
2013,Unknown,0
2013,Bombing/Explosion,8
2013,Bombing/Explosion,8
2013,Bombing/Explosion,8
2013,Bombing/Explosion,8
2013,Assassination,2
2013,Armed Assault,9
2013,Bombing/Explosion,4
2013,Bombing/Explosion,7
2013,Bombing/Explosion,6
2013,Bombing/Explosion,2
2013,Bombing/Explosion,3
2013,Bombing/Explosion,2
2013,Bombing/Explosion,4
2013,Bombing/Explosion,3
2013,Bombing/Explosion,5
2013,Bombing/Explosion,2
2013,Bombing/Explosion,4
2013,Bombing/Explosion,0
2013,Bombing/Explosion,5
2013,Bombing/Explosion,5
2013,Bombing/Explosion,1
2013,Bombing/Explosion,0
2013,Bombing/Explosion,1
2013,Bombing/Explosion,6
2013,Bombing/Explosion,0
2013,Bombing/Explosion,0
2013,Bombing/Explosion,0
2013,Bombing/Explosion,0
2013,Armed Assault,
2013,Hostage Taking (Kidnapping),
2013,Armed Assault,0
2013,Armed Assault,2
2013,Bombing/Explosion,1
2013,Bombing/Explosion,26
2013,Hostage Taking (Kidnapping),3
2013,Armed Assault,1
2013,Bombing/Explosion,0
2013,Bombing/Explosion,0
2013,Bombing/Explosion,23
2013,Bombing/Explosion,4
2013,Armed Assault,1
2013,Bombing/Explosion,0
2013,Armed Assault,1
2013,Armed Assault,2
2013,Bombing/Explosion,0
2013,Armed Assault,12
2013,Bombing/Explosion,0
2013,Hostage Taking (Kidnapping),0
2013,Assassination,1
2013,Armed Assault,5
2013,Armed Assault,1
2013,Bombing/Explosion,0
2013,Bombing/Explosion,0
2013,Armed Assault,3
2013,Armed Assault,1
2013,Assassination,1
2013,Armed Assault,5
2013,Bombing/Explosion,2
2013,Assassination,1
2013,Hostage Taking (Kidnapping),1
2013,Bombing/Explosion,0
2013,Assassination,1
2013,Bombing/Explosion,1
2013,Armed Assault,0
2013,Bombing/Explosion,1
2013,Hostage Taking (Kidnapping),0
2013,Armed Assault,1
2013,Assassination,1
2013,Bombing/Explosion,2
2013,Armed Assault,1
2013,Bombing/Explosion,0
2013,Assassination,1
2013,Hostage Taking (Kidnapping),0
2013,Assassination,0
2013,Hostage Taking (Kidnapping),1
2013,Armed Assault,1
2013,Armed Assault,1
2013,Armed Assault,1
2013,Bombing/Explosion,0
2013,Armed Assault,4
2013,Bombing/Explosion,4
2013,Armed Assault,5
2013,Assassination,2
2013,Bombing/Explosion,3
2013,Assassination,1
2013,Bombing/Explosion,6
2013,Bombing/Explosion,0
2013,Assassination,1
2013,Armed Assault,0
2013,Armed Assault,3
2013,Armed Assault,5
2013,Armed Assault,1
2013,Armed Assault,1
2013,Assassination,1
2013,Bombing/Explosion,0
2013,Bombing/Explosion,0
2013,Bombing/Explosion,0
2013,Armed Assault,0
2013,Bombing/Explosion,0
2013,Assassination,2
2013,Bombing/Explosion,0
2013,Armed Assault,2
2013,Armed Assault,0
2013,Hostage Taking (Kidnapping),1
2013,Bombing/Explosion,39
2013,Hostage Taking (Kidnapping),8
2013,Bombing/Explosion,11
2013,Bombing/Explosion,1
2013,Armed Assault,8
2013,Assassination,1
2013,Assassination,1
2013,Assassination,2
2013,Assassination,1
2013,Bombing/Explosion,4
2013,Armed Assault,1
2013,Hostage Taking (Barricade Incident),5
2013,Armed Assault,4
2013,Hostage Taking (Kidnapping),1
2013,Hostage Taking (Kidnapping),0
2013,Hostage Taking (Kidnapping),4
2013,Armed Assault,2
2013,Assassination,1
2013,Bombing/Explosion,1
2013,Armed Assault,3
2013,Armed Assault,1
2013,Armed Assault,1
2013,Unknown,0
2013,Unknown,8
2013,Unknown,0
2013,Armed Assault,
2013,Bombing/Explosion,8
2013,Assassination,2
2013,Bombing/Explosion,0
2013,Unknown,0
2013,Assassination,1
2013,Armed Assault,0
2013,Armed Assault,3
2013,Hostage Taking (Kidnapping),2
2013,Armed Assault,4
2013,Bombing/Explosion,0
2013,Bombing/Explosion,0
2013,Armed Assault,
2013,Armed Assault,8
2013,Bombing/Explosion,0
2013,Armed Assault,4
2013,Armed Assault,1
2013,Armed Assault,9
2013,Hostage Taking (Kidnapping),0
2013,Bombing/Explosion,68
2013,Armed Assault,1
2013,Assassination,1
2013,Bombing/Explosion,0
2013,Armed Assault,2
2013,Assassination,1
2013,Unknown,1
2013,Armed Assault,4
2013,Assassination,1
2013,Bombing/Explosion,1
2013,Bombing/Explosion,0
2013,Bombing/Explosion,0
2014,Assassination,1
2014,Armed Assault,4
2014,Assassination,1
2014,Hostage Taking (Kidnapping),4
2014,Bombing/Explosion,1
2014,Armed Assault,8
2014,Assassination,1
2014,Hostage Taking (Kidnapping),0
2014,Armed Assault,4
2014,Assassination,1
2014,Armed Assault,0
2014,Assassination,1
2014,Bombing/Explosion,13
2014,Armed Assault,0
2014,Hostage Taking (Kidnapping),0
2014,Bombing/Explosion,2
2014,Armed Assault,1
2014,Armed Assault,0
2014,Assassination,1
2014,Armed Assault,2
2014,Bombing/Explosion,0
2014,Bombing/Explosion,1
2014,Armed Assault,3
2014,Armed Assault,3
2014,Unknown,4
2014,Assassination,2
2014,Assassination,1
2014,Hostage Taking (Kidnapping),1
2014,Bombing/Explosion,6
2014,Armed Assault,0
2014,Hijacking,0
2014,Bombing/Explosion,0
2014,Unknown,0
2014,Bombing/Explosion,2
2014,Bombing/Explosion,0
2014,Bombing/Explosion,2
2014,Armed Assault,4
2014,Bombing/Explosion,21
2014,Hostage Taking (Kidnapping),0
2014,Bombing/Explosion,0
2014,Unknown,3
2014,Armed Assault,2
2014,Hostage Taking (Kidnapping),
2014,Bombing/Explosion,4
2014,Bombing/Explosion,11
2014,Bombing/Explosion,8
2014,Bombing/Explosion,0
2014,Bombing/Explosion,0
2014,Hostage Taking (Kidnapping),5
2014,Facility/Infrastructure Attack,0
2014,Armed Assault,1
2014,Hostage Taking (Kidnapping),1
2014,Bombing/Explosion,0
2014,Armed Assault,1
2014,Armed Assault,1
2014,Armed Assault,1
2014,Armed Assault,1
2014,Bombing/Explosion,0
2014,Armed Assault,11
2014,Armed Assault,1
2014,Armed Assault,2
2014,Assassination,0
2014,Assassination,2
2014,Assassination,2
2014,Armed Assault,2
2014,Hostage Taking (Kidnapping),2
2014,Hostage Taking (Kidnapping),0
2014,Hostage Taking (Kidnapping),12
2014,Bombing/Explosion,
2014,Assassination,10
2014,Unknown,8
2014,Assassination,1
2014,Armed Assault,1
2014,Bombing/Explosion,1
2014,Bombing/Explosion,
2014,Unknown,0
2014,Unknown,0
2014,Unknown,0
2014,Bombing/Explosion,0
2014,Armed Assault,1
2014,Armed Assault,1
2014,Bombing/Explosion,0
2014,Armed Assault,3
2014,Unknown,0
2014,Hostage Taking (Kidnapping),8
2014,Assassination,
2014,Bombing/Explosion,0
2014,Bombing/Explosion,1
2014,Bombing/Explosion,6
2014,Bombing/Explosion,0
2014,Hostage Taking (Kidnapping),
2014,Armed Assault,4
2014,Bombing/Explosion,12
2014,Armed Assault,1
2014,Armed Assault,3
2014,Armed Assault,10
2014,Armed Assault,8
2014,Armed Assault,7
2014,Armed Assault,2
2014,Assassination,1
2014,Unknown,5
2014,Armed Assault,4
2014,Bombing/Explosion,4
2014,Armed Assault,1
2014,Bombing/Explosion,4
2014,Bombing/Explosion,5
2014,Bombing/Explosion,3
2014,Bombing/Explosion,3
2014,Bombing/Explosion,3
2014,Bombing/Explosion,3
2014,Bombing/Explosion,3
2014,Bombing/Explosion,3
2014,Bombing/Explosion,3
2014,Bombing/Explosion,4
2014,Armed Assault,2
2014,Bombing/Explosion,0
2014,Armed Assault,4
2014,Armed Assault,2
2014,Assassination,1
2014,Armed Assault,11
2014,Armed Assault,2
2014,Unknown,1
2014,Hostage Taking (Kidnapping),
2014,Bombing/Explosion,1
2014,Bombing/Explosion,0
2014,Bombing/Explosion,0
2014,Bombing/Explosion,0
2014,Bombing/Explosion,0
2014,Bombing/Explosion,0
2014,Bombing/Explosion,6
2014,Assassination,0
2014,Armed Assault,8
2014,Assassination,1
2014,Hijacking,
2014,Assassination,1
2014,Armed Assault,1
2014,Armed Assault,1
2014,Bombing/Explosion,1
2014,Assassination,1
2014,Assassination,1
2014,Bombing/Explosion,3
2014,Hostage Taking (Kidnapping),9
2014,Bombing/Explosion,0
2014,Armed Assault,9
2014,Armed Assault,5
2014,Bombing/Explosion,1
2014,Armed Assault,2
2014,Assassination,1
2014,Armed Assault,1
2014,Armed Assault,2
2014,Armed Assault,0
2014,Armed Assault,6
2014,Bombing/Explosion,3
2014,Armed Assault,1
2014,Armed Assault,6
2014,Armed Assault,2
2014,Armed Assault,1
2014,Unknown,0
2014,Assassination,1
2014,Armed Assault,1
2014,Bombing/Explosion,7
2014,Armed Assault,1
2014,Unknown,1
2014,Armed Assault,2
2014,Armed Assault,3
2014,Hostage Taking (Kidnapping),
2014,Bombing/Explosion,0
2014,Assassination,1
2014,Hostage Taking (Kidnapping),
2014,Armed Assault,4
2014,Bombing/Explosion,4
2014,Bombing/Explosion,4
2014,Bombing/Explosion,4
2014,Assassination,0
2014,Assassination,1
2014,Armed Assault,4
2014,Unknown,0
2014,Armed Assault,6
2014,Assassination,0
2014,Armed Assault,5
2014,Armed Assault,3
2014,Armed Assault,20
2014,Armed Assault,7
2014,Armed Assault,7
2014,Bombing/Explosion,0
2014,Bombing/Explosion,0
2014,Hostage Taking (Kidnapping),14
2014,Bombing/Explosion,0
2014,Armed Assault,0
2014,Armed Assault,0
2014,Armed Assault,0
2014,Armed Assault,1
2014,Bombing/Explosion,8
2014,Facility/Infrastructure Attack,0
2014,Unknown,1
2014,Unknown,0
2014,Bombing/Explosion,3
2014,Bombing/Explosion,2
2014,Bombing/Explosion,3
2014,Bombing/Explosion,
2014,Bombing/Explosion,1
2014,Armed Assault,3
2014,Armed Assault,2
2014,Bombing/Explosion,3
2014,Assassination,1
2014,Assassination,0
2014,Assassination,1
2014,Bombing/Explosion,0
2014,Armed Assault,1
2014,Unknown,3
2014,Bombing/Explosion,15
2014,Armed Assault,1
2014,Bombing/Explosion,4
2014,Bombing/Explosion,6
2014,Armed Assault,2
2014,Bombing/Explosion,0
2014,Bombing/Explosion,0
2014,Hostage Taking (Kidnapping),3
2014,Armed Assault,2
2014,Bombing/Explosion,9
2014,Assassination,0
2014,Assassination,1
2014,Assassination,1
2014,Armed Assault,1
2014,Assassination,1
2014,Bombing/Explosion,2
2014,Hostage Taking (Kidnapping),1
2014,Armed Assault,1
2014,Assassination,1
2014,Assassination,5
2014,Unknown,4
2014,Unknown,2
2014,Bombing/Explosion,0
2014,Bombing/Explosion,16
2014,Bombing/Explosion,0
2014,Hostage Taking (Kidnapping),0
2014,Unknown,0
2014,Unknown,0
2014,Bombing/Explosion,10
2014,Armed Assault,6
2014,Armed Assault,6
2014,Unknown,6
2014,Unknown,5
2014,Bombing/Explosion,13
2014,Bombing/Explosion,21
2014,Bombing/Explosion,46
2014,Bombing/Explosion,2
2014,Armed Assault,1
2014,Assassination,1
2014,Bombing/Explosion,0
2014,Bombing/Explosion,0
2014,Bombing/Explosion,0
2014,Bombing/Explosion,0
2014,Bombing/Explosion,0
2014,Armed Assault,2
2014,Facility/Infrastructure Attack,2
2014,Facility/Infrastructure Attack,1
2014,Bombing/Explosion,3
2014,Assassination,4
2014,Hostage Taking (Kidnapping),11
2014,Unknown,0
2014,Unknown,1
2014,Armed Assault,0
2014,Armed Assault,2
2014,Bombing/Explosion,3
2014,Unknown,0
2014,Unknown,0
2014,Armed Assault,1
2014,Armed Assault,1
2014,Hostage Taking (Kidnapping),16
2014,Bombing/Explosion,0
2014,Unknown,0
2014,Bombing/Explosion,3
2014,Hostage Taking (Kidnapping),0
2014,Armed Assault,5
2014,Bombing/Explosion,3
2014,Bombing/Explosion,4
2014,Bombing/Explosion,0
2014,Hostage Taking (Kidnapping),0
2014,Assassination,4
2014,Armed Assault,1
2014,Unknown,2
2014,Armed Assault,1
2014,Armed Assault,2
2014,Bombing/Explosion,0
2014,Bombing/Explosion,0
2014,Bombing/Explosion,0
2014,Bombing/Explosion,0
2014,Bombing/Explosion,0
2014,Bombing/Explosion,0
2014,Bombing/Explosion,7
2014,Bombing/Explosion,0
2014,Unknown,
2014,Assassination,3
2014,Bombing/Explosion,11
2014,Bombing/Explosion,16
2014,Bombing/Explosion,3
2014,Bombing/Explosion,5
2014,Bombing/Explosion,4
2014,Bombing/Explosion,3
2014,Assassination,1
2014,Assassination,0
2014,Bombing/Explosion,0
2014,Bombing/Explosion,0
2014,Bombing/Explosion,0
2014,Bombing/Explosion,1
2014,Bombing/Explosion,0
2014,Bombing/Explosion,2
2014,Assassination,1
2014,Assassination,1
2014,Assassination,0
2014,Bombing/Explosion,2
2014,Armed Assault,0
2014,Bombing/Explosion,50
2014,Armed Assault,1
2014,Armed Assault,0
2015,Bombing/Explosion,4
2015,Assassination,0
2015,Armed Assault,0
2015,Armed Assault,1
2015,Bombing/Explosion,0
2015,Armed Assault,1
2015,Bombing/Explosion,4
2015,Assassination,1
2015,Armed Assault,0
2015,Armed Assault,11
2015,Assassination,0
2015,Assassination,5
2015,Hostage Taking (Barricade Incident),12
2015,Bombing/Explosion,38
2015,Bombing/Explosion,0
2015,Bombing/Explosion,0
2015,Assassination,2
2015,Bombing/Explosion,0
2015,Assassination,1
2015,Assassination,1
2015,Bombing/Explosion,
2015,Assassination,5
2015,Armed Assault,3
2015,Unknown,1
2015,Bombing/Explosion,1
2015,Assassination,7
2015,Bombing/Explosion,0
2015,Armed Assault,1
2015,Facility/Infrastructure Attack,0
2015,Armed Assault,0
2015,Unknown,2
2015,Unknown,0
2015,Assassination,0
2015,Unknown,5
2015,Bombing/Explosion,0
2015,Assassination,1
2015,Unknown,2
2015,Bombing/Explosion,6
2015,Assassination,0
2015,Bombing/Explosion,0
2015,Bombing/Explosion,0
2015,Hostage Taking (Barricade Incident),8
2015,Bombing/Explosion,0
2015,Assassination,1
2015,Bombing/Explosion,0
2015,Bombing/Explosion,0
2015,Armed Assault,0
2015,Armed Assault,2
2015,Bombing/Explosion,0
2015,Assassination,2
2015,Assassination,1
2015,Assassination,0
2015,Bombing/Explosion,0
2015,Assassination,1
2015,Armed Assault,1
2015,Armed Assault,4
2015,Unknown,0
2015,Bombing/Explosion,3
2015,Bombing/Explosion,8
2015,Bombing/Explosion,9
2015,Bombing/Explosion,0
2015,Bombing/Explosion,3
2015,Armed Assault,9
2015,Bombing/Explosion,2
2015,Armed Assault,4
2015,Unknown,0
2015,Armed Assault,1
2015,Assassination,1
2015,Bombing/Explosion,0
2015,Assassination,1
2015,Bombing/Explosion,0
2015,Bombing/Explosion,0
2015,Assassination,1
2015,Assassination,1
2015,Unknown,
2015,Unknown,1
2015,Unknown,0
2015,Unknown,0
2015,Armed Assault,7
2015,Unknown,5
2015,Unknown,0
2015,Unknown,0
2015,Unknown,0
2015,Facility/Infrastructure Attack,0
2015,Bombing/Explosion,0
2015,Armed Assault,1
2015,Unknown,2
2015,Unknown,0
2015,Bombing/Explosion,15
2015,Armed Assault,8
2015,Unknown,0
2015,Hostage Taking (Kidnapping),
2015,Bombing/Explosion,15
2015,Armed Assault,1
2015,Bombing/Explosion,1
2015,Bombing/Explosion,20
2015,Hostage Taking (Kidnapping),
2015,Armed Assault,1
2015,Hostage Taking (Barricade Incident),0
2015,Armed Assault,1
2015,Armed Assault,4
2015,Assassination,1
2015,Hostage Taking (Kidnapping),
2015,Bombing/Explosion,0
2015,Bombing/Explosion,0
2015,Bombing/Explosion,12
2015,Bombing/Explosion,8
2015,Bombing/Explosion,0
2015,Assassination,1
2015,Bombing/Explosion,15
2015,Bombing/Explosion,25
2015,Hostage Taking (Kidnapping),2
2015,Armed Assault,0
2015,Bombing/Explosion,
2015,Unknown,0
2015,Unknown,0
2015,Armed Assault,6
2015,Armed Assault,0
2015,Bombing/Explosion,10
2015,Unknown,0
2015,Bombing/Explosion,8
2015,Hostage Taking (Kidnapping),0
2015,Bombing/Explosion,1
2015,Bombing/Explosion,2
2015,Armed Assault,11
2015,Bombing/Explosion,0
2015,Facility/Infrastructure Attack,0
2015,Assassination,1
2015,Assassination,0
2015,Assassination,4
2015,Bombing/Explosion,0
2015,Bombing/Explosion,0
2015,Bombing/Explosion,0
2015,Hostage Taking (Kidnapping),1
2015,Unknown,0
2015,Assassination,1
2015,Assassination,1
2015,Armed Assault,1
2015,Bombing/Explosion,9
2015,Bombing/Explosion,0
2015,Hostage Taking (Kidnapping),
2015,Unknown,0
2015,Bombing/Explosion,12
2015,Armed Assault,3
2015,Armed Assault,0
2015,Hostage Taking (Kidnapping),0
2015,Armed Assault,0
2015,Assassination,1
2015,Assassination,0
2015,Hostage Taking (Barricade Incident),0
2015,Hostage Taking (Barricade Incident),0
2015,Hostage Taking (Kidnapping),12
2015,Unknown,
2015,Assassination,4
2015,Assassination,1
2015,Hostage Taking (Kidnapping),0
2015,Unknown,0
2015,Assassination,1
2015,Facility/Infrastructure Attack,0
2016,Armed Assault,3
2016,Assassination,1
2016,Hostage Taking (Kidnapping),1
2016,Armed Assault,0
2016,Hostage Taking (Kidnapping),
2016,Armed Assault,0
2016,Bombing/Explosion,1
2016,Hostage Taking (Barricade Incident),13
2016,Bombing/Explosion,10
2016,Hostage Taking (Kidnapping),
2016,Armed Assault,11
2016,Assassination,7
2016,Assassination,1
2016,Bombing/Explosion,4
2016,Bombing/Explosion,4
2016,Bombing/Explosion,0
2016,Bombing/Explosion,0
2016,Hostage Taking (Kidnapping),1
2016,Bombing/Explosion,0
2016,Armed Assault,0
2016,Bombing/Explosion,0
2016,Bombing/Explosion,0
2016,Bombing/Explosion,0
2016,Assassination,3
2016,Armed Assault,3
2016,Armed Assault,5
2016,Bombing/Explosion,3
2016,Assassination,4
2016,Armed Assault,0
2016,Hostage Taking (Kidnapping),3
2016,Assassination,2
2016,Hostage Taking (Kidnapping),
2016,Bombing/Explosion,0
2016,Bombing/Explosion,0
2016,Hostage Taking (Kidnapping),
2016,Bombing/Explosion,5
2016,Assassination,2
2016,Hostage Taking (Kidnapping),
2016,Armed Assault,17
2016,Armed Assault,22
2016,Bombing/Explosion,0
2016,Bombing/Explosion,0
2016,Armed Assault,3
2016,Hostage Taking (Kidnapping),3
2016,Bombing/Explosion,0
2016,Bombing/Explosion,0
2016,Armed Assault,1
2016,Armed Assault,1
2016,Hostage Taking (Kidnapping),19
2016,Bombing/Explosion,7
2016,Assassination,2
2016,Armed Assault,0
2016,Unknown,
2016,Unknown,
2016,Assassination,1
2016,Assassination,4
2016,Assassination,9
2016,Assassination,1
2016,Bombing/Explosion,1
2016,Bombing/Explosion,1
2016,Bombing/Explosion,0
2016,Hostage Taking (Kidnapping),0
2016,Armed Assault,0
2016,Unknown,1
2016,Assassination,0
2016,Armed Assault,2
2016,Bombing/Explosion,16
2016,Unknown,2
2016,Assassination,1
2016,Bombing/Explosion,4
2016,Bombing/Explosion,3
2016,Assassination,1
2016,Hostage Taking (Kidnapping),3
2016,Unknown,0
2016,Assassination,0
2016,Bombing/Explosion,0
2016,Assassination,1
2016,Bombing/Explosion,0
2016,Bombing/Explosion,7
2016,Bombing/Explosion,0
2016,Bombing/Explosion,0
2016,Assassination,1
2016,Bombing/Explosion,11
2016,Bombing/Explosion,4
2016,Bombing/Explosion,4
2016,Unknown,
2016,Bombing/Explosion,7
2016,Bombing/Explosion,
2016,Unknown,1
2016,Armed Assault,2
2016,Armed Assault,2
2016,Bombing/Explosion,0
2016,Bombing/Explosion,0
2016,Hostage Taking (Kidnapping),0
2016,Unknown,1
2016,Bombing/Explosion,0
2016,Armed Assault,2
2016,Armed Assault,1
2016,Bombing/Explosion,0
2016,Armed Assault,5
2016,Unknown,
2016,Hostage Taking (Kidnapping),1
2016,Bombing/Explosion,0
2016,Bombing/Explosion,4
2016,Bombing/Explosion,2
2016,Bombing/Explosion,1
2016,Bombing/Explosion,0
2016,Armed Assault,0
2016,Assassination,0
2016,Unknown,1
2016,Bombing/Explosion,1
2016,Bombing/Explosion,4
2016,Bombing/Explosion,0
2016,Bombing/Explosion,0
2016,Hostage Taking (Kidnapping),0
2016,Unknown,
2016,Hostage Taking (Kidnapping),
2016,Assassination,2
2016,Unknown,3
2017,Armed Assault,2
2017,Armed Assault,1
2017,Bombing/Explosion,0
2017,Armed Assault,1
2017,Bombing/Explosion,1
2017,Armed Assault,4
2017,Bombing/Explosion,82
2017,Assassination,4
2017,Armed Assault,1
2017,Bombing/Explosion,6
2017,Bombing/Explosion,0
2017,Bombing/Explosion,0
2017,Armed Assault,23
2017,Assassination,1
2017,Armed Assault,4
2017,Bombing/Explosion,0
2017,Bombing/Explosion,6
2017,Armed Assault,6
2017,Unknown,5
2017,Unknown,
2017,Bombing/Explosion,1
2017,Facility/Infrastructure Attack,0
2017,Bombing/Explosion,20
2017,Assassination,0
2017,Armed Assault,1
2017,Unknown,1
2017,Bombing/Explosion,4
2017,Assassination,2
2017,Bombing/Explosion,12
2017,Armed Assault,3
2017,Hostage Taking (Kidnapping),
2017,Armed Assault,3
2017,Armed Assault,5
2017,Bombing/Explosion,9
2017,Armed Assault,3
2017,Assassination,1
2017,Armed Assault,3
2017,Hostage Taking (Kidnapping),6
2017,Bombing/Explosion,0
2017,Bombing/Explosion,0
2017,Bombing/Explosion,4
2017,Bombing/Explosion,9
2017,Assassination,1
2017,Assassination,0
2017,Assassination,1
2017,Armed Assault,1
2017,Armed Assault,3
2017,Armed Assault,2
2017,Armed Assault,0
2017,Bombing/Explosion,0
2017,Bombing/Explosion,1
2017,Assassination,5
2017,Bombing/Explosion,9
2017,Assassination,0
2017,Assassination,1
2017,Assassination,0
2017,Armed Assault,5
2018,Bombing/Explosion,4
2018,Bombing/Explosion,4
2018,Bombing/Explosion,13
2018,Hostage Taking (Kidnapping),5
2018,Armed Assault,1
2018,Bombing/Explosion,5
2018,Bombing/Explosion,3
2018,Unknown,6
2018,Unknown,
2018,Assassination,1
2018,Bombing/Explosion,3
2018,Bombing/Explosion,3
2018,Armed Assault,14
2018,Bombing/Explosion,4
2018,Bombing/Explosion,
2018,Bombing/Explosion,0
2018,Armed Assault,
2018,Bombing/Explosion,0
2018,Armed Assault,5
2018,Assassination,0
2018,Hostage Taking (Kidnapping),2
2018,Assassination,4
2018,Bombing/Explosion,2
2018,Assassination,1
2018,Armed Assault,4
2018,Bombing/Explosion,0
2018,Bombing/Explosion,2
2019,Armed Assault,2
2019,Bombing/Explosion,2
2019,Hostage Taking (Kidnapping),
2019,Bombing/Explosion,0
2019,Bombing/Explosion,3
2019,Bombing/Explosion,0
2019,Assassination,0
2019,Bombing/Explosion,4
2019,Bombing/Explosion,6
2019,Bombing/Explosion,1
2019,Armed Assault,1
2019,Assassination,1
2019,Bombing/Explosion,3
2019,Armed Assault,1
2019,Bombing/Explosion,3
2019,Bombing/Explosion,1
2019,Bombing/Explosion,1
2019,Armed Assault,5
2019,Armed Assault,19
2019,Armed Assault,
2019,Bombing/Explosion,0
2019,Armed Assault,1
2019,Hostage Taking (Kidnapping),26
2019,Armed Assault,0
2019,Assassination,0
2019,Armed Assault,0
2019,Armed Assault,4